../data_processed/wav/DCB_se1_ag2_f_02_1_part_160.wav,../data_processed/txt/DCB_se1_ag2_f_02_1_part_160.txt,I DON'T KNOW SO I'M MORE OF A LIKE OKAY HERE'S THIS RESTAURANT IN VIRGINIA OH HERE'S THIS RESTAURANT IN NO I'M DC IS JUST LIKE MM NAH CAUSE IT'S LIKE YOU YOU JUST GOTTA BE CAREFUL IN DC IT'S LIKE YOU ALWAYS RUN INTO EITHER THAT'S WHY I DON'T LIKE GO GOS I USED TO LIKE GO GO I NO LONGER H LIKE GO GO CAUSE IT'S NOT IT'S IT'S IT'S ATTACHED TO SO MUCH NEGATIVE THINGS LIKE PEOPLE DONE GOT KILLED AT GO GOS,1,"I don't know so I'm more of a like, okay here's this restaurant in Virginia oh here's this restaurant in- No, I'm- DC is just like, mm nah. Cause it's like you- you just gotta be careful in DC it's like you always run into either- that's why I don't like go gos. I used to like go go, I no longer h- like go go cause it's not- it's- it's- it's attached to so much negative things. Like people done got killed at go gos,",20.941
../data_processed/wav/DCB_se1_ag2_m_03_2_part_13.wav,../data_processed/txt/DCB_se1_ag2_m_03_2_part_13.txt,HE TWI YOU TWINS AND HE LIKE WHAT TWENTY THREE MINUTES YOUNGER THAN YOUNGER THAN ME YOU KNOW WHAT I'M SAYING BUT I'M LIKE DAMN THIS NIGGA REALLY THE BABY AND SO I'M LIKE YEAH IT'S CRAZY BUT IT'S COOL YOU KNOW WHAT I'M SAYING I'M LIKE IT'S ALL GOOD THAT JOINT CRAZY IT JUST THROWS ME OFF THOUGH WHEN I GET TO THINKING ABOUT CERTAIN THINGS JUST BE LIKE YEAH THAT'S CRAZY BUT IT'S ALL LOVE YEAH I FEEL YOU MAN CAUSE THE MIDDLE CHILD IT SEEM LIKE WE GET WASHED OUT MAN SOMETIMES RIGHT,1,"He [twi- you] twins and- <laugh>] [<laugh>] [He like] what, twenty-three minutes younger than /?/ younger than me? You know what I'm saying, but I'm like, damn this nigga really the baby. And so I'm like, yeah it's crazy. But it's cool, you know what I'm saying. I'm like, it's all good that joint crazy, it just throws me off though when I get to thinking about certain things, just be like, yeah that's crazy. But it's all love. <laugh> Yeah I feel you, man. Cause the middle child it seem like we get washed out, man, [sometimes, right?]",23.086
../data_processed/wav/ROC_se0_ag3_f_02_3_part_43.wav,../data_processed/txt/ROC_se0_ag3_f_02_3_part_43.txt,OR I CAN HAVE A TEA I CAN T I CAN I CAN DO A TEA THOSE ARE THE THINGS I WAS TAUGHT IN HIGH SCHOOL AND HOW TO SEW TOOK ME A WHOLE YEAR TO MAKE A APRON BUT THAT'S WHAT THEY WAS TEACHING ME SO NOW YOUNG PEOPLE ARE BETTER PREPARED AND LIKE YOURSELF THEY'RE DOING BETTER THEY'RE GOING TO COLLEGE,1,"[Or, I] can have a tea. I can t- I can- I can do a tea. Those are the things I was taught in high school. And how to sew. Took me a whole year to make a apron. But, that's what they was teaching me So now, young people are better prepared and- like yourself. They're doing better. They're going to college.",21.023000000000003
../data_processed/wav/ATL_se0_ag1_m_05_1_part_66.wav,../data_processed/txt/ATL_se0_ag1_m_05_1_part_66.txt,UM INTERESTINGLY ENOUGH I'M VERY BIASED WHEN IT COMES TO DJING NOW DON'T GET ME WRONG I DO UNDERSTAND THAT THERE ARE CERTAIN SONGS THAT UM JUST BECAUSE THEY'RE HOT THEY NEED TO GET PLAYED BUT I WHE WHEN I DJ MY GOAL IS NOT TO MAKE YOU REALLY LISTEN TO THE SONG SO MUCH I WANT YOU TO DANCE I WANT YOU TO FEEL THE VIBE,1,"Um, interestingly enough, I'm very biased when it comes to DJing. Now don't get me wrong, I do understand that there are certain songs that, um, just because they're hot they need to get played. But, I- whe- when I DJ, my goal is not to make you really listen to the song so much. I want you to dance. I want you to feel the vibe.",20.87
../data_processed/wav/DCB_se2_ag4_m_01_1_part_106.wav,../data_processed/txt/DCB_se2_ag4_m_01_1_part_106.txt,WE'LL TAKE IT DOWN TO THE PARK WE'LL PLAY THE WE'LL PLAY THE GAME DOWN THERE BUT WE CAN'T NOT GO IN THIS PLACE AND PLAY WE CAN'T,1,We'll take it down to the park. We'll play the- we'll play the game down there. But we can't not go in this place and play. We can't.,7.182
../data_processed/wav/ATL_se0_ag2_m_01_1_part_106.wav,../data_processed/txt/ATL_se0_ag2_m_01_1_part_106.txt,BUT ELECTROM ELECTROMAGNETIC POISONING AND EMOTIONAL POISONING AND THAT SHIT IS SOME HARD SHIT TO GET RID OF BOY,1,"[But electrom-] electromagnetic poisoning and emotional poisoning, and that shit is some hard shit to get rid of, boy.",7.392
../data_processed/wav/DCB_se1_ag3_f_01_1_part_157.wav,../data_processed/txt/DCB_se1_ag3_f_01_1_part_157.txt,AND AND ONCE YOU LEAD IT TO 'EM IT'S LEFT UP TO THEM WHETHER OR NOT THEY GONNA TAKE IT SOME WILL SOME WON'T,1,"And- And once you lead it to 'em, it's left up to them whether or not they gonna take it- Some will, some [won't.]",5.022
../data_processed/wav/DCB_se2_ag4_f_04_1_part_82.wav,../data_processed/txt/DCB_se2_ag4_f_04_1_part_82.txt,SO OUR LIVES REVOLVED AROUND HER AND MY UH EX HUSBAND HAS A SON SO WE HAD HIM FOR A BRIEF PERIOD WHERE HE THEY'RE FROM BALTIMORE SO HE CAME AND HE LIVED WITH US FOR AWHILE AND TIL THAT WE WEREN'T ABLE TO MAINTAIN A COHESIVE HOUSEHOLD SO WE SO HIS MOTHER CAME AND GOT HIM AND,1,"so our lives revolved around her. And my uh, ex husband has a son, so we had him for a brief period where he- They're from Baltimore. So he came, and he lived with us for awhile and- til that- we weren't able to maintain a cohesive household. So we- So his mother came and got him, and",21.847
../data_processed/wav/DCB_se3_ag3_f_01_1_part_126.wav,../data_processed/txt/DCB_se3_ag3_f_01_1_part_126.txt,NO LAW SCHOOL WAS A DISASTER SO I WENT TO I GRADUATED FROM AND MOVED BACK HOME AND WORKED FOR SO I GRADUATED IN TWO THOUSAND I WORKED AT HOWARD FOR A SECOND AND THEN MAYBE LIKE SIX MONTHS,1,"No, law school was a disaster. So I went to- I graduated from /RD-SCHOOL-3/ and moved back home and worked for- <ts> so I graduated in two thousand- I worked at Howard for a second. And then- maybe like six months.",21.32
../data_processed/wav/ROC_se0_ag1_f_03_1_part_8.wav,../data_processed/txt/ROC_se0_ag1_f_03_1_part_8.txt,AND THEN I JUST RAN I RAN AND RAN AND RAN UNTIL IT WAS IN THE MORNING AND I WAS WAITING FOR THE BUS AND I RAN AND RAN UNTIL I CAUGHT THE BUS AND I WAS LIKE,1,"And then I just ran. I ran and ran and ran until- it was in the morning and I was waiting for the bus. And [I ran and ran] until I caught the bus. And I was like,",6.19
../data_processed/wav/DCB_se2_ag3_m_01_1_part_53.wav,../data_processed/txt/DCB_se2_ag3_m_01_1_part_53.txt,THE TYPE OF CONFIDENCE YOU KNOW I STEPPED IT ON THE LITTLE STOOL SHE SAID WHEN YOU STAND UP THERE YOU WAIT FOR EVERYBODY TO BE QUIET AND MY MOTHER WILL TELL YOU JUST I STOOD THERE ALMOST A MINUTE THIRD GRADE STOOD THERE WITH MY LITTLE SUIT ON ALMOST A MINUTE UNTIL EVERYBODY STOPPED TALKING CAUSE THAT'S WHAT MISS MY THIRD GRADE TEACHER SAID DON'T OPEN YOUR MOUTH UNTIL EVERYBODY STOPS TALKING ALMOST A MINUTE,1,"the type of confidence. You know, I stepped it on the little stool. She said, when you stand up there, you wait for everybody to be quiet. And my mother will tell you just- I stood there almost a minute. Third grade, stood there with my little suit on. Almost a minute. Until everybody stopped talking. Cause that's what Miss /RD-NAME-2/, my third grade teacher said. Don't open your mouth until everybody stops talking. Almost a minute.",21.353
../data_processed/wav/PRV_se0_ag1_m_01_1_part_6.wav,../data_processed/txt/PRV_se0_ag1_m_01_1_part_6.txt,SHE YEAH SHE DID SHE WAS REALLY PRESSED THAT AND WAS JUST LIKE CAN WE JUST PLEASE MOVE SOMEWHERE ELSE AND THE LAND THAT SHE HAS MY GRANDFATHER WILLED TO HER AND SO SHE WASN'T GONNA GIVE HER LAND UP THAT EASILY SHE DIDN'T CARE WHAT KIND OF LAND THEY CALLED IT OR WHAT PEOPLE THOUGHT OF PRINCEVILLE THAT WAS HER HOME AND THAT SHE WANTED TO GO BACK SO,1,"She- Yeah, she did. She was really pressed that- And was just like, can we just please move somewhere else? And the land that she has my grandfather willed to her, and so she wasn't gonna give her land up that easily. She didn't care what kind of land they called it or what people thought of Princeville. That was her home and that she wanted to go back, [so]",18.951
../data_processed/wav/DCB_se3_ag3_m_02_1_part_51.wav,../data_processed/txt/DCB_se3_ag3_m_02_1_part_51.txt,MY WORK'S DONE YOUR'S NOT BUT YOU GONNA GET IN TROUBLE I'M NOT AND IT WAS ALWAYS LIKE THAT AND I THINK I HAD SO MUCH FUN IN JUNIOR HIGH SCHOOL AND HIGH SCHOOL BECAUSE AND WHEN I WENT TO UM AND I THINK THAT'S ANOTHER REASON WHY MY MOTHER REALLY WANTED ME TO GO THERE I DIDN'T KNOW NOBODY THERE,1,"my work's done, your's not. But you gonna get in trouble, I'm not. And it was always like that. And I think I had so much fun in junior high school and high school because- And when I went to, um, /RD-SCHOOL-2/, and I think that's another reason why my mother really wanted me to go there, I didn't know nobody there.",18.688
../data_processed/wav/DCB_se2_ag3_m_03_1_part_129.wav,../data_processed/txt/DCB_se2_ag3_m_03_1_part_129.txt,BUT THOSE ARE THE MOST YOU KNOW WHAT I'M SAYING THE NAMES THAT YOU WOULD ACTUALLY REMEMBER LIKE YOU COULD ASK ANYBODY ABOUT THOSE BANDS AND THEY'LL BE ABLE TO TELL YOU SOMETHING ABOUT 'EM NORTHEAST WAS CONSIDERED MORE LIKE A MARYLAND BAND FOR SOME ODD REASON OR SOMETHING YOU KNOW WHAT I'M SAYING CAUSE A LOT OF MARYLAND DUDES LIKE FROM LANDOVER AND UH SUITLAND AND ALL THEM,1,"But those are the most you know what I'm saying the names that you would actually remember, like you could ask anybody about those bands and they'll be able to tell you something about 'em. Northeast was considered more like a Maryland band for some odd reason or something. You know what I'm saying cause a lot of Maryland dudes like from Landover and uh, Suitland and all them",21.397
../data_processed/wav/DCB_se2_ag2_f_02_1_part_130.wav,../data_processed/txt/DCB_se2_ag2_f_02_1_part_130.txt,I GO I SAY IN THE COURSE OF A YEAR MAYBE THREE TO FOUR TIMES A YEAR UM AND THAT COULD BE JUST GOING TO THE WAFF UM GOING TO UM JUST WALK AROUND,1,"I go- I say in the course of a year, maybe three to four times a year. Um, and that could be just going to the /waff/, um, going to um, just walk around.",10.289
../data_processed/wav/DCB_se1_ag3_m_02_1_part_12.wav,../data_processed/txt/DCB_se1_ag3_m_02_1_part_12.txt,WHAT THEY SAY IN BALTIMORE I KEEP FORGETTING OR OR IN NEW YORK THEY'LL SAY HEY MAN YOU GOING ON ME OR SOMETHING LIKE THAT OR IT JUST FUNNY YOU KNOW JONING IS A THING IN DC WITH WHAT WE DO IT'S FUN IT'S FUNNY YOU KNOW IT REALLY DON'T TAKE NO PERSONAL FEELING BUT SOMETIMES PEOPLE DO GET PERSONAL,1,"<ts> What they say in Baltimore? I keep forgetting. Or- or in New York they'll say, hey man, you going on me or something like that? Or- <laugh> It just funny you know, joning is a thing in DC with what we do, it's fun, it's funny. You know it really don't take no personal feeling but sometimes people do get personal.",21.407
../data_processed/wav/DCB_se2_ag3_m_02_1_part_235.wav,../data_processed/txt/DCB_se2_ag3_m_02_1_part_235.txt,UM WE GOT LIKE A MAYOR'S COMMENDATION AND ALL THAT STUFF FOR THAT SO THAT'S PRETTY COOL UM AND WE STILL HOST IT TO THIS DAY UM EVERY THURSDAY ACTUALLY WAS AT MY OFFICE EARLIER TODAY PRINTING OUT STUFF UM CAUSE WE'RE BOTH MAKE DOING SUBMISSIONS SO THAT WE CAN UH WE CAN,1,"Um, we got like, a mayor's commendation and all that stuff for that. So that's pretty cool. Um, and we still host it to this day, um, every Thursday. /RD-NAME-1/ actually was at my office earlier today, printing out stuff, um, cause we're both make- doing submissions so that we can- uh, we can",20.301
../data_processed/wav/PRV_se0_ag1_f_02_1_part_105.wav,../data_processed/txt/PRV_se0_ag1_f_02_1_part_105.txt,YEAH AND THEY PINE HILL COURT WAS LIKE A COMMUNITY APARTMENT COMPLEX AND NOW,1,"Yeah, and they /Pine Hill/ Court was like, a community apartment complex, [and now]",6.582000000000002
../data_processed/wav/ROC_se0_ag3_f_02_1_part_129.wav,../data_processed/txt/ROC_se0_ag3_f_02_1_part_129.txt,AND I HAD TWO FRIENDS AND AND THEY WOULD TAKE TURNS GOING UP THERE AT NIGHT AND THEY'D COME BACK WITH THE HOT DOGS AND THEN WHEN IT WAS MY TURN THEY'D BOTH GO WITH ME SO I DIDN'T HAVE TO GO BY MYSELF I WAS SO FUNNY AS I GOT OLDER WE LAUGHED ABOUT IT,1,"And I had two friends, /RD-NAME-2/ and /RD-NAME-2/, and they would take turns going up there at night. And they'd come back with the hot dogs. And then when it was my turn, they'd both go with me <laugh> so I didn't have to go by myself. (laughing) <laugh> I was so funny. As I got older, we laughed about it. (laughing)",20.505
../data_processed/wav/DCB_se2_ag3_m_02_1_part_23.wav,../data_processed/txt/DCB_se2_ag3_m_02_1_part_23.txt,AND I WOULD HOP INTO THE INTO THE ROCKET AND TRY TO CLIMB ALL THE WAY TO THE TOP REMEMBER BEING A LITTLE KID AND BEING SCARED TO GO ALL THE WAY TO THE TOP AND THEN GETTING A LITTLE BIT OLDER MAYBE AROUND SEVEN UM AND THEN CLIMBING ALL THE WAY TO THE TOP AND JUST KIND OF HANGING OUT THERE AND THAT BEING MY SPOT UM AND THEN A LITTLE BIT LATER AS A CHILD,1,"And I would hop into the- into the rocket and try to climb all the way to the top. Remember being a little kid and being scared to go all the way to the top. And then getting a little bit older, maybe around seven, um, and then climbing all the way to the top and just kind of hanging out there and that being my spot. Um, and then, a little bit later as a child,",20.946
../data_processed/wav/ROC_se0_ag1_m_03_1_part_104.wav,../data_processed/txt/ROC_se0_ag1_m_03_1_part_104.txt,SO I CAN SPEAK FOR THOSE YOU KNOW THAT ARE UNABLE TO OR THAT'S TOO AFRAID TO OR THAT HAS THE ABILITY TO SPEAK TO PEOPLE YET THEY'RE A LITTLE SCARED YOU KNOW WHAT I'M SAYING IF I CAN JUST SPEAK FOR THEM I MAY BE ABLE,1,"so I can speak for those, you know, that are unable to, or that's too afraid to or that has the ability to speak to people, yet they're a little scared, you know what I'm saying? If I can just speak for them I may be able",20.094
../data_processed/wav/ROC_se0_ag3_f_01_1_part_18.wav,../data_processed/txt/ROC_se0_ag3_f_01_1_part_18.txt,MM HM MM HM MM HM I NEVER WORKED AT KODAK BUT I DID WORK FOR UM,1,"[Mm-hm.] [Mm-hm.] [Mm-hm.] I never worked at Kodak. But I did work for, um, /RD-WORK-2/.",5.39
../data_processed/wav/PRV_se0_ag3_m_01_1_part_72.wav,../data_processed/txt/PRV_se0_ag3_m_01_1_part_72.txt,THE STAGNATION IS STILL IS STILL HERE AND SOME FOLKS KNOW ABOUT IT AND SOME FOLKS DON'T BUT UM I HAVE TO BE SORT OF PRECARIOUS ABOUT HOW I SAY IT,1,"The stagnation is still- is still here. And some folks know about it and some folks don't, but um, I have to be sort of precarious about how I say it.",14.313
../data_processed/wav/ROC_se0_ag1_m_03_1_part_72.wav,../data_processed/txt/ROC_se0_ag1_m_03_1_part_72.txt,IT'S WEIRD IT'S WEIRD BUT MUSIC IS A V BIG SCIENCE IT'S A IT'S IT'S A CRAZY SCIENCE,1,"[It's] weird- it's weird, but music is a v- big science. It's a- it's- it's a crazy [science.]",7.709
../data_processed/wav/DCB_se1_ag2_m_01_1_part_159.wav,../data_processed/txt/DCB_se1_ag2_m_01_1_part_159.txt,JUST DOING WHATEVER LIKE WE WANTED TO DO LIKE THAT WAS FUN TO ME YOU KNOW WHAT I'M SAYING THE WOMEN LIKED IT YOU KNOW WHAT I'M SAYING EVERYBODY DID YOU WASN'T WITH US YOU RESPECT US SO IT WAS JUST LIKE AND IF YOU AIN'T RESPECT US THEN YOU AIN'T LIKE US SO WE'D FIGHT YOU THEN THIS LIKE THAT'S GONNA MAKE PEOPLE LIKE US EVEN MORE SO IT JUST LIKE AT THE TIME WHEN YOU YOUNG THAT'S EXCITING TO YOU SO YOU AIN'T THINKING LIKE OH IT'S SCARY LIKE THIS GONNA HAPPEN WHATEVER YOU KNOW WHAT I'M SAYING LIKE,1,"just doing whatever like we wanted to do, like that was fun to me. You know what I'm saying. The women liked it, you know what I'm saying. Everybody did, you wasn't with us, you respect us so it was just like- And if you ain't respect us then you ain't like us, so we'd fight you then this like- that's gonna make people like us even more. So it just like- At the time when you young, that's exciting to you. So you ain't thinking like, oh it's scary like this gonna happen whatever, you know what I'm saying, like-",21.89
../data_processed/wav/DCB_se1_ag2_f_01_1_part_69.wav,../data_processed/txt/DCB_se1_ag2_f_01_1_part_69.txt,IT WAS SO RUN DOWN AND LIKE IT'S ALMOST SAD BECAUSE I REMEMBER HOW COLUMBIA HEIGHTS USED TO LOOK IT USED TO LOOK RUN DOWN AND BEAT UP AND NOW THEY'RE BUILDING IT UP AND COLUMBIA HEIGHTS IT WAS MAJORITY SPANISH PEOPLE THERE AND NOW THEY'RE THEY HAVE TO MOVE AWAY BECAU THEY CAN'T AFFORD THE RENT,1,"[It] was so run down, and like- It's almost sad because I remember how Columbia Heights used to look. It used to look run down and beat up. And now they're building it up. And Columbia Heights, it was majority Spanish people there, and now they're- they have to move away becau- They can't afford the rent.",19.883
../data_processed/wav/DCB_se2_ag2_f_01_1_part_85.wav,../data_processed/txt/DCB_se2_ag2_f_01_1_part_85.txt,SO SHE SHOULD BE FINE BUT I'M TRYNA GET HER TO GET OUT OF JUST DC SO LIKE SHE NOTHING WRONG WITH HER BEING IN A GROUP CHAT BUT THEY HAVE LIKE THE DMV LINKED IN GROUP CHAT I'M LIKE GET TO KNOW ALL THE OTHER PEOPLE TOO,1,"So she should be fine, but I'm tryna get her to get out of just DC, so like she- Nothing wrong with her being in a group chat, but /they- have like-/ the DMV Linked-In group chat. I'm like, get to know all the other people too.",12.671
../data_processed/wav/ATL_se0_ag2_m_03_1_part_56.wav,../data_processed/txt/ATL_se0_ag2_m_03_1_part_56.txt,I I STILL I ST YOU FEEL ME A LOT OF NIGGAS DON'T EVEN KNOW THAT LIKE NIGGA I'M ONE OF THE NIGGAS THAT I'M I'M'A TALK SHIT NOW,1,"[I- I still-] [I st- you feel me. A] lot of niggas don't even know that. [Like nigga, I'm one of the niggas that- I'm- I'm'a talk shit] now.",6.267
../data_processed/wav/DCB_se3_ag4_m_02_4_part_21.wav,../data_processed/txt/DCB_se3_ag4_m_02_4_part_21.txt,THE CITY AND WHAT IT WAS LIKE WHAT IT MEANT FOR BLACK PEOPLE IT'S SPECIAL YOU IF YOU IF YOU LIVE AND WORK HERE IN DC AND YOU LEAVE AND GO SOME PLACE ELSE AND AND I'M SURE THIS HAS HAPPENED TO YOU,1,"the city and what it was like, what it meant for black people, it's special. You- if you- if you live and work here in DC, and you leave and go some place else, and- and I'm sure this has happened to you,",20.57
../data_processed/wav/ROC_se0_ag1_f_02_1_part_84.wav,../data_processed/txt/ROC_se0_ag1_f_02_1_part_84.txt,AND SO UH THAT WAS JUST REALLY CHALLENGING UM IN TERMS OF LIKE I'VE YOU KNOW JUST IN TERMS OF THAT WHOLE THING I COULD TALK ABOUT THAT LATER BUT I THINK LIKE ONCE YOU GET INTO DISSERTATION PHASE LIKE IT IS REALLY REALLY DIFFICULT BECAUSE YOU DON'T YOU DON'T N YOU'RE NOT TRAINED TO KNOW HOW TO DO THIS TYPE OF PROCESS UM,1,"And so, uh, that was just really challenging. Um, in terms of like, I've- you know, just in terms of that whole thing. I could talk about that later. But I think, like, once you get into dissertation phase, like, it is really really difficult, because you don't- you don't n- you're not trained to know how to do this type of process. Um,",20.21
../data_processed/wav/DCB_se2_ag3_m_01_1_part_69.wav,../data_processed/txt/DCB_se2_ag3_m_01_1_part_69.txt,AND YOU KNOW FROM THE BIBLE THAT FELL OFF MY SHELF AND THE FELL OPEN TO JEREMIAH CHAPTER ONE AND I KNOW THE PATH THAT I HAVE FOR YOU THOUGHTS TO PROSPER YOU AND I'M LIKE I DON'T KNOW WHAT THAT MEANS AND HAD GROWN UP IN CHURCH AND BUT STILL JUST WRESTLING WITH ALL OF THAT SO,1,"and you know, from the Bible that fell off my shelf and the fell open to Jeremiah chapter one, and I know the path that I have for you, thoughts to prosper you, and I'm like, I don't know what that means. And had grown up in church, and but still just wrestling with all of that, [so]",15.048
../data_processed/wav/DCB_se2_ag3_f_01_1_part_50.wav,../data_processed/txt/DCB_se2_ag3_f_01_1_part_50.txt,ONCE I GOT OLDER AND I HAD A CAR YOU KNOW I WOULD DRIVE BUT AS A TEENAGER ON THE SUBWAY GOING TO NORTHERN VIRGINIA YOU JUST DIDN'T DO IT,1,"Once I got older, and I had a car, you know, I would drive, but as a teenager on the subway, going to northern Virginia you just didn't do it.",7.388
../data_processed/wav/DCB_se3_ag3_m_02_1_part_207.wav,../data_processed/txt/DCB_se3_ag3_m_02_1_part_207.txt,YES IT DOES SEEING THAT YOU'RE NOT THE ONLY ONE THAT HAVE HAVE ISSUES OR PROBLEMS IT'S PEOPLE WITH ISSUES OR PROBLEMS THAT SUPER EXCEED YOURS,1,"Yes it does, seeing that you're not the only one that have- <laugh> have issues or problems. It's people with issues or problems that super exceed yours.",7.997999999999998
../data_processed/wav/PRV_se0_ag3_f_04_1_part_88.wav,../data_processed/txt/PRV_se0_ag3_f_04_1_part_88.txt,WELL I KNOW WELL THIRTY SOME YEARS,1,"<ts> Well, I know- Well, thirty some years.",15.044
../data_processed/wav/DCB_se2_ag4_f_01_1_part_138.wav,../data_processed/txt/DCB_se2_ag4_f_01_1_part_138.txt,SHE'S NOT BAD LOOKING FOR A DARK SKINNED CHILD YOU HEAR THOSE THINGS COMING UP AS A CH,1,She's not bad looking for a dark skinned child. You hear those things coming [up as a ch-],6.13
../data_processed/wav/DCB_se2_ag4_f_04_1_part_30.wav,../data_processed/txt/DCB_se2_ag4_f_04_1_part_30.txt,AS FAR AS THE FAMILY ALL GETTING TOGETHER WE TRY TO MAKE IT A POINT TO SEE EACH OTHER AT LEAST ONCE A MONTH,1,"As far as the family all getting together, we try to make it a point to see each other at least once a month?",7.902
../data_processed/wav/DCB_se3_ag3_m_02_1_part_39.wav,../data_processed/txt/DCB_se3_ag3_m_02_1_part_39.txt,THE YOUNGER GUYS YOU KNOW THAT THEY KNOW WE INTO SPORTS AND WE DON'T DEAL IN THAT TYPE OF ACTIVITY THEY USED TO TELL US AND I'VE BEEN TOLD THAT AS WELL WE'RE WALKING IN THE AREA ABOUT TO GO PLAY FOOTBALL NO Y'ALL CAN'T COME OVER HERE GO BACK THAT WAY WE KNEW WHAT IT MEANT SO WE OKAY WE LEAVE GO ABOUT OUR BUSINESS,1,"the younger guys, you know, that- they know we into sports and we don't deal in that type of activity. They used to tell us, and I've been told that as well, we're walking in the area about to go play football, no, y'all can't come over here. Go back that way. We knew what it meant, so we- okay, we leave, go about our business.",15.814
../data_processed/wav/PRV_se0_ag2_m_01_1_part_87.wav,../data_processed/txt/PRV_se0_ag2_m_01_1_part_87.txt,SO YOU KNOW THAT'S THAT'S SOMETHING THERE WORKING WITH A COMPUTER THAT I'M LEARNING HOW TO I'M LEARNING HOW TO DO YOU KNOW HE GONNA SHOW ME DIFFERENT THINGS HOW TO,1,"So you know, that's- that's something there, working with a computer that I'm learning how to- I'm learning how to do. You know, he gonna show me different things, how to-",5.846
../data_processed/wav/ATL_se0_ag1_m_02_1_part_9.wav,../data_processed/txt/ATL_se0_ag1_m_02_1_part_9.txt,HM AS A INDEPENDENT ARTIST YOU KNOW WE HAVE OUR EGOS ABOUT OURSELVES AND WE FEEL LIKE GOD DAMN PRETTY MUCH I COULD DO IT ON MY OWN WE HEAR OH EVERYBODY ON THE ON THE RADIO TALKING ABOUT SOME I DID IT ON MY OWN I DID IT MY OWN SELF MADE YOU KNOW ALL THIS AND THAT BUT THEY REALLY GOT A WHOLE TEAM BEHIND THEM,1,"hm, as a independent artist, you know, we have our egos about ourselves, and we feel like god damn, pretty much I could do it on my own. We hear o- everybody on the- on the radio talking about some I did it on my own I did it my own. Self made. You know, all this and that. But they really got a whole team behind them.",20.737
../data_processed/wav/PRV_se0_ag1_m_02_1_part_60.wav,../data_processed/txt/PRV_se0_ag1_m_02_1_part_60.txt,UM NOT REALLY OTHER THAN THAT I HAD A AUNT THAT WAS SCARED OF TOBACCO WORMS,1,"Um, not really. Other than that, I had a aunt that was scared of tobacco worms. [<laugh>]",6.816
../data_processed/wav/ROC_se0_ag3_f_02_1_part_161.wav,../data_processed/txt/ROC_se0_ag3_f_02_1_part_161.txt,SO THAT WAS A TREAT FOR ME TO GO OVER THERE ON THE BUS AND I COULD STAY OVER THERE AND THEN RIDE MY BIKE HOME I DIDN'T HAVE TO WALK HOME,1,"[So] that was a treat for me to go over there on the bus, and I could stay over there and then ride my bike home. I didn't have to walk home. [<laugh>]",8.359
../data_processed/wav/PRV_se0_ag3_m_01_2_part_77.wav,../data_processed/txt/PRV_se0_ag3_m_01_2_part_77.txt,I SAY ALL OF 'EM WERE GOOD AND UH SHE SAID MM SHE THOUGHT I WAS SHOULD BE NERVOUS CAUSE THEY WAS CALLING 'EM IN,1,"[I say] <clears throat> all of 'em were good. And uh, she said, mm. She thought I was- should be nervous cause they was calling 'em in,",7.273
../data_processed/wav/DCB_se2_ag4_f_04_1_part_210.wav,../data_processed/txt/DCB_se2_ag4_f_04_1_part_210.txt,SO I GET THE DIFFERENT AND AND IF I'M OUT OF IF I'M IN NEW YORK AND THEY'LL ASK WELL WHERE YOU FROM I'M FROM DC AND I JUST RECENTLY STARTED SAYING DC IN THE LAST MAYBE TEN YEARS NORMALLY I'D SAY I'M FROM WASHINGTON DC AND THEN I JUST DROPPED THE WASHINGTON CAUSE THAT JUST SOUNDS SO FORMAL AND I WOULD JUST SAY I'M FROM DC AND THEY'RE LIKE WELL WHAT AREA AND I SAY SOUTHEAST THEY'RE LIKE,1,"So I get the different- and- and if I'm out of- If I'm in New York, and they'll ask, Well where you from? I'm from DC. And I just recently started saying DC in the last maybe ten years. Normally, I'd say, I'm from Washington, DC. And then I just dropped the Washington cause that just sounds so formal, and I would just say, I'm from DC. And they're like, Well what area? And I say, Southeast. They're like,",23.189
../data_processed/wav/DCB_se2_ag2_m_01_1_part_157.wav,../data_processed/txt/DCB_se2_ag2_m_01_1_part_157.txt,SO WHEN I WOULD COME BACK HOME TO DC I SEE THE NEIGHBORHOODS I SEE HOW MY NEIGHBORHOODS LOOK AND I GO THERE OKAY I'M LIKE OKAY THIS IS SUBURBAN IT'S QUIET YOU HAVE THESE S NICE LITTLE STREETS BUT GROWING UP GROW G I GREW UP SO I NOTICE THAT THOSE ARE THOSE ARE NOT REALLY SUBURBAN AREAS BUT YOU HAVE YOUR UH LARGO YOU HAVE YOUR UPPER MARLBORO YOU HAVE THOSE AREAS THOSE ARE MORE SUBURBAN,1,"So, when I would come back home to DC, I see the neighborhoods. I see how my neighborhoods look, and I go /there/, okay. I'm like, Okay, this is suburban. It's quiet. You have these s- nice little streets. But growing up, grow- g- I grew up so I notice that those are- those are not really suburban areas, but you have your uh, Largo. You have your Upper Marlboro. You have those areas. Those are more suburban.",20.797
../data_processed/wav/ROC_se0_ag2_f_04_1_part_110.wav,../data_processed/txt/ROC_se0_ag2_f_04_1_part_110.txt,YOU KNOW NUDGE NUDGE IF YOU WANNA YOU KNOW SORT OF GET INTO BED WITH ME WE COULD UH WE COULD DO SOME THINGS AND SHE'S LIKE NO AND SHE SAID I SHUT MY BUSINESS DOWN THAT WEEK I WAS LIKE NO AND IT JUST TO ME I OFTEN WONDER SHE WOULD'VE HAD MORE OPPORTUNITIES AND OTHER PEOPLE WOULD'VE HAD MORE OPPORTUNITIES TO UM AND AND GOING TO MY OWN EXPERIENCE IN SCHOOLING I KNOW PEOPLE HAVE HAD SIGNIFICANT MENTORS BUT THAT'S USUALLY THE EXCEPTION IN SCHOOL,1,"You know, nudge nudge if you wanna, you know, sort of get into bed with me, we could, uh, we could do some things. And she's like, no. And she said, I shut my business down that week. I was like, no. And it just- to me I often wonder she would've had more opportunities and other people would've had more opportunities to, um- and- and going to my own experience in schooling, I know people have had significant mentors, but that's usually the exception in school,",21.466
../data_processed/wav/PRV_se0_ag1_f_01_1_part_72.wav,../data_processed/txt/PRV_se0_ag1_f_01_1_part_72.txt,AFTER IT HAPPENED HE GOT HIS OWN PLACE SO YOU YOU LOST YOUR MEMORIES BUT YOU GAINED SOMETHING,1,"after it happened he got his own place, so you- you lost your memories, but you gained something.",6.8
../data_processed/wav/DCB_se3_ag4_f_02_1_part_18.wav,../data_processed/txt/DCB_se3_ag4_f_02_1_part_18.txt,SO THEY EITHER AFTER A CERTAIN POINT WE EITHER GOT THEY EITHER SENT US TO PRIVATE SCHOOLS MOST OF US WENT TO PRIVATE SCHOOLS OR THEY BUSSED US TO OR WE WENT TO AND WHEN I SAY BUSSED I DON'T MEAN LIKE YOU KNOW REALLY BUSSED I MEAN LIKE WE WOULD CATCH WE WOULD HAVE TO CATCH A BUS GET ON THE BUS AND GO,1,"So they either- after a certain point, we either got- they either sent us to private schools- most of us went to private schools, or they bussed us to- or we went to- and when I say bussed, I don't mean like, you know, really bussed. I mean like we would catch- we would have to catch a bus, get on the bus and go,",20.261
../data_processed/wav/DCB_se1_ag4_f_01_2_part_27.wav,../data_processed/txt/DCB_se1_ag4_f_01_2_part_27.txt,MM HM MISSISSIPPI AND THEN WHEN I HAD LEFT THERE WELL THEY THEY FIRED EVERYBODY THERE BECAUSE NOBODY WASN'T DOING THEIR JOB I WAS DOING EVERYTHING BUT I WAS FIRED IN THE MIDST OF IT THEN UM HE THE ONE THAT SAID I'M'A GET YOU WITH SO H I WORKED AT MISSISSIPPI FOR A WHILE TIL I GOT FIRED THEN I WAS OFF FOR LIKE FOUR MONTHS WHICH DEPRESSED,1,"Mm-hm Mississippi. And then when I had left there- Well they- they fired everybody there because nobody wasn't doing their job, I was doing everything but I was fired in the midst of it. Then um, /RD-NAME-3/ he the one that said /RD-NAME-2/ I'm'a get you with /RD-WORK-5/. So h- I worked at Mississippi for a while til I got fired then I was off for like four months which depressed",24.994
../data_processed/wav/DCB_se2_ag2_f_01_1_part_2.wav,../data_processed/txt/DCB_se2_ag2_f_01_1_part_2.txt,A MEMBERSHIP COORDINATOR FOR,1,<laugh> A membership coordinator for /RD-WORK-4/.,6.489
../data_processed/wav/DCB_se1_ag1_m_01_1_part_113.wav,../data_processed/txt/DCB_se1_ag1_m_01_1_part_113.txt,ALRIGHT WELL IT'S BASICALLY I GREW UP FROM A SINGLE PARENT MOTHER WITH TWO BROTHERS TRYING TO FEED UH MY MOM WENT SOMETIME DAYS WITHOUT EATING JUST FOR US TO EAT UH I BEEN IN A SITUATIONS I CARRIED GUNS BEFORE I TRIED TO SELL WEED JUST TO PROVIDE FOR MY LITTLE BROTHERS,1,"[Alright well], it's basically I grew up from a single parent mother with two brothers trying to feed. Uh, my mom went sometime days without eating just for us to eat. Uh, I been in a- situations, I carried guns before, I tried to sell weed just to provide for my little brothers.",20.856
../data_processed/wav/PRV_se0_ag3_f_04_1_part_120.wav,../data_processed/txt/PRV_se0_ag3_f_04_1_part_120.txt,AND SO THIS LADY SHE WAS A PRINCIPAL TOO,1,"And so this lady, she was a principal too.",6.061
../data_processed/wav/DCB_se2_ag4_f_01_1_part_123.wav,../data_processed/txt/DCB_se2_ag4_f_01_1_part_123.txt,DIDN'T WANNA GO TO A BLACK SCHOOL DON'T N N I DON'T THINK ANY OF US LIKED OURSELVES AT THE TIME WE WERE SAYING IT LOUD BLACK AND I'M PROUD BUT YOU KNOW WE HAD SOME ISSUES WITH YOU KNOW WE WERE NOT SUCCEEDING ALL YOU HEARD WAS NEGATIVE THINGS,1,"Didn't wanna go to a black school. Don't- n- n- I don't think any of us liked ourselves at the time. We were saying it loud, black and I'm proud but you know, we had some issues with you know, we were not succeeding. All you heard was negative things.",15.561
../data_processed/wav/PRV_se0_ag3_f_03_1_part_128.wav,../data_processed/txt/PRV_se0_ag3_f_03_1_part_128.txt,AND LET 'EM RAISE THEY WANNA BE RAISE UP YOU KNOW GROW UP GET BE GROWN YOU KNOW AND IN PRINCEVILLE SO I'M JUST GONNA LET 'EM STAY HERE IN PRINCEVILLE,1,"And let 'em raise- they wanna be raise up, you know- grow up- get- be grown you know and in Princeville, so I'm just gonna let 'em stay here in Princeville.",8.712
../data_processed/wav/DCB_se3_ag3_f_01_1_part_40.wav,../data_processed/txt/DCB_se3_ag3_f_01_1_part_40.txt,CHURCH WAS BLACK SO I ALWAYS HAD FRIENDS SOME OF 'EM I STILL KEEP IN TOUCH WITH FROM WAY BACK THEN THAT WERE OUTSIDE OF SCHOOL AND THEN I'D COME TO SCHOOL BUT EDUCATIONALLY I'D GROWN UP AROUND THESE WHITE KIDS SO THE ENGLISH WAS PROPER I'M NOT SAYING THAT,1,"church was black. So I always had friends, some of 'em I still keep in touch with from way back then that were outside of school and then I'd come to school but educationally I'd grown up around these white kids, so. The English was proper, I'm not saying that",21.77
../data_processed/wav/ROC_se0_ag2_f_01_1_part_141.wav,../data_processed/txt/ROC_se0_ag2_f_01_1_part_141.txt,BECAUSE I YOU KNOW DIDN'T HAVE BLACK PEOPLE WORKING FOR 'EM AND SO HIRED A THIS BLACK HUMAN RESOURCE GUY MANAGER AND HE WAS GOING AROUND TO THE HIGH SCHOOLS CAUSE B AND SE BACK IN NINETEEN SEVENTY HIGH WAS CHANGING IT WAS LIKE,1,"because /RD-WORK-2/, i- you know, didn't have black people working for 'em. And so /RD-WORK-2/ hired a- this black human resource guy, manager. And he was going around to the high schools cause b- and se- back in nineteen seventy, /RD-SCHOOL-1/ High was changing. It was like-",20.215
../data_processed/wav/DCB_se2_ag2_m_01_1_part_108.wav,../data_processed/txt/DCB_se2_ag2_m_01_1_part_108.txt,ARLINGTON VIRGINIA SO I GOT TIRED OF UM TRAVELING ACROSS THE BRIDGE SO I JUST JUST DECIDED TO LIVE IN VIRGINIA,1,"Arlington, Virginia. So I got tired of um, <ts> traveling across the bridge, so I just- just decided to live in Virginia.",6.432
../data_processed/wav/ATL_se0_ag1_f_02_1_part_45.wav,../data_processed/txt/ATL_se0_ag1_f_02_1_part_45.txt,UM THE MAJORITY OF MY FAMILY YEAH IS PRETTY MUCH SCATTERED ALL AROUND THE EAST COAST UM BUT AS FAR AS MY IMMEDIATE FAMILY THEY'RE HERE,1,"Um, the majority of my family, yeah, is pretty much scattered all around the East Coast. Um, but as far as my immediate family, they're here.",9.124
../data_processed/wav/ROC_se0_ag1_m_03_1_part_51.wav,../data_processed/txt/ROC_se0_ag1_m_03_1_part_51.txt,OH UM WELL I MET HER UH THROUGH A JOB WE BOTH WORKED AT THE SAME JOB FOR A WHILE UM WE I WAS A ARTIST AND SHE LOVES MUSIC SO AT THE TIME SHE WAS ACTUALLY UM TRYING TO MANAGE A LITTLE GROUP,1,"[Oh], um, well, I met her, uh, through a job. We both worked at the same job for a while. Um, we- I was a artist, and she loves music, so at the time, she was actually, um, trying to manage a little group.",20.886
../data_processed/wav/ROC_se0_ag1_m_03_1_part_134.wav,../data_processed/txt/ROC_se0_ag1_m_03_1_part_134.txt,THE SAME FOR THE U OF R AND THE SAME FOR RIT YOU KNOW WHAT I'M SAYING THERE'S SO MANY DIFFERENT PEOPLE I MET SOMEBODY HAWAIIAN I NEVER THOUGHT I WOULD MEET SOMEBODY HAWAIIAN WITHOUT GOING TO HAWAII YOU KNOW WHAT I'M SAYING BUT,1,"The same for the U of R and the same for RIT. You know what I'm saying, there's so many different people. I met somebody Hawaiian. I never thought I would meet somebody Hawaiian without going to Hawaii, you know what I'm saying. But",14.786
../data_processed/wav/DCB_se3_ag3_m_02_1_part_6.wav,../data_processed/txt/DCB_se3_ag3_m_02_1_part_6.txt,YES YES UM FOR THE PAST FOUR YEARS I'VE BEEN CATERING ON THE SIDE FOR THE LAST FOUR YEARS YEAH,1,"[Yes, yes], um, for the past four years, I've been catering on the side, for the last four years, yeah.",7.062
../data_processed/wav/DCB_se1_ag3_m_03_1_part_31.wav,../data_processed/txt/DCB_se1_ag3_m_03_1_part_31.txt,SO YOU KNOW THAT'S JUST HOW THAT IS HAVE YOU EVER UH HAVE YOU EVER PARTICIPATED IN A BAND YEAH I ACTUALLY HAVE MAN I ACTUALLY WELL WHEN I WAS YOUNGER WHEN WE FIRST STARTED I WAS ABOUT HOW OLD WERE YOU I WAS ABOUT LIKE THIRTEEN FOURTEEN SEVENTH SEVENTH EIGHTH GRADE NINTH GRADE YOU KNOW WHAT I'M SAYING WE STARTED A BAND CALLED YOUNG INFLUENCE BAND YOU KNOW WHAT I'M SAYING I USED TO I USED TO BE THE SINGER IN THAT BAND I WENT FROM LIKE THE DRUMMER PLAYING THE DRUM,1,"[So], you know, that's just how that is. Have you ever- uh, have you ever participated in a band? Yeah I actually have. Man, I actually- Well, when I was younger when we first started I was [about-] [How old] were you? I was about like, thirteen, fourteen, seventh- seventh, eighth grade, ninth grade. You know what I'm saying, we started a band called Young Influence Band. You know what I'm saying, I used to- I used to be the singer in that band. I went from like the drummer playing the drum,",24.105
../data_processed/wav/DCB_se3_ag3_m_02_1_part_111.wav,../data_processed/txt/DCB_se3_ag3_m_02_1_part_111.txt,THAT QUICKLY CHANGED WHEN I LEFT THERE AND I STARTED DOING SECURITY FOR BECAUSE YOU KNOW AT A HOTEL THEY PREACH LIKE IT'S IN THE BIBLE HOSPITALITY EVERY DAY I MEAN IT'S AND I I DIDN'T REALLY SEE SECURITY AND LIKE HOSPITALITY LIKE CONNECTING TOGETHER UNTIL I STARTED WORKING IN THE HOTEL WORLD BECAUSE OF COURSE YOU GOTTA,1,"That quickly changed when I left there And I started doing security for /RD-WORK-3/, /RD-WORK-5/. Because, you know, at a hotel, they preach like it's in the Bible, hospitality. Every day, I mean, it's- and I- I didn't really see security and like hospitality like, connecting together /?/ until I started working in the hotel /world/ because, of course, you gotta,",20.071
../data_processed/wav/DCB_se3_ag3_m_01_1_part_72.wav,../data_processed/txt/DCB_se3_ag3_m_01_1_part_72.txt,I STARTED OUT JUST TEACHING WHATEVER MY PASTOR TAUGHT THE SUNDAY BEFORE I'D BE LIKE COME ON PASTOR GIVE ME SOME GOOD STUFF CAUSE I GOTTA HAVE FIVE DAYS OF MATERIAL NOW I GOT MONDAY,1,"I started out just teaching whatever my pastor taught the Sunday before. I'd be like, come on pastor, give me some good stuff cause I gotta have five days of material now. I got [Monday],",7.822999999999999
../data_processed/wav/DCB_se2_ag4_f_03_1_part_33.wav,../data_processed/txt/DCB_se2_ag4_f_03_1_part_33.txt,S YES SOON AFTER HE PASSED AND UM MY ONE OF MY OLDER BROTHERS HELPED MY MOTHER YOU KNOW HE S STEPPED IN AND S SO WE MOVED TO G STREET IN SOUTHEAST WHICH IS OVER OFF OF UM MINNESOTA AVENUE OVER NEAR THAT UH FORT DUPONT PARK,1,"[S- Yes], soon after he passed, and um, my- one of my older brothers helped my mother, you know. He s- stepped in and s- So we moved to G Street in Southeast, which is over off of um, Minnesota Avenue. Over near that uh, Fort Dupont [Park.]",17.192999999999998
../data_processed/wav/DCB_se1_ag4_m_01_1_part_73.wav,../data_processed/txt/DCB_se1_ag4_m_01_1_part_73.txt,A S S YOU KNOW ACTUAL SELLER YOU KNOW I WAS WORKING WITH PEOPLE THAT WERE SELLING IT,1,a s- s- you know actual seller. You know I was working with people that were selling it.,5.21
../data_processed/wav/ROC_se0_ag1_m_02_1_part_17.wav,../data_processed/txt/ROC_se0_ag1_m_02_1_part_17.txt,SHELL SHOCK CULTURE SHOCK CAUSE IT WAS JUST LIKE I CAME FROM LIKE THIS CRAZY LIKE GHETTO LIKE FREE SCHOOL THEN I WENT TO LIKE THIS STRICT SCHOOL THEN I WENT TO LIKE ANOTHER LIKE DIVERSE FREE SCHOOL YOU UNDERSTAND SO IT WAS JUST LIKE OKAY SHELL SHOCK LIKE YOU KNOW WHAT I MEAN LIKE I'VE SEEN A GAY PERSON HERE AND THERE,1,"Shell shock. Culture shock. Cause it was just like, I came from like this crazy like, ghetto, like, free school. Then I went to like this strict school. Then I went to like, another like, diverse, free school, you understand? So it was just like, ok, shell shock, like, you know what I mean, like, I've seen a gay person here and there,",20.058
../data_processed/wav/ROC_se0_ag3_f_02_3_part_63.wav,../data_processed/txt/ROC_se0_ag3_f_02_3_part_63.txt,I HAD STAGE THREE INVASIVE COLON CANCER AND I DIDN'T KNOW IT TIL TWO WEEKS AFTERWARDS WHEN I WENT TO HAVE THE STAPLES REMOVED AND AFTER THEY REMOVED THE STAPLES THE NURSE HANDED ME A REFERRAL SLIP AND I SAID WHAT IS THIS,1,"I had stage three invasive colon cancer. And, I didn't know it til two weeks afterwards when I went to have the staples removed. And, after they removed the staples, the nurse handed me a referral slip. And, I said, what is this?",20.161
../data_processed/wav/ROC_se0_ag1_m_01_1_part_108.wav,../data_processed/txt/ROC_se0_ag1_m_01_1_part_108.txt,UM NOW MIND YOU LIKE ME AND HIM WE HAD IT WAS THREE OTHER STUDENTS THEY KIND OF PRETTY MUCH GOT PUSHED TO THE SIDE CAUSE WE WERE JUST SITTING HERE AND THEN WE'RE LIKE I I GOT ALL THESE THEORIES I'M LIKE WHAT IF IN UM I USE LIKE AGAIN LIKE MY ENVIRONMENT I WAS LIKE UM SO IF WE'RE TALKING ABOUT LIKE ALTERNATIVE LITERACIES LIKE HOW DO YOU FEEL ABOUT IF YOU TAKE,1,"Um, now mind you like, Me and him we had- It was three other students. They kind of pretty much got pushed to the side. Cause we were just sitting here and then we're like, /??/ I- I got all these theories. I'm like, what if in, um- I use like, again, like my environment I was like, um, so if we're talking about like alternative literacies like, how do you feel about if you take",21.11
../data_processed/wav/DCB_se2_ag3_m_01_1_part_93.wav,../data_processed/txt/DCB_se2_ag3_m_01_1_part_93.txt,BUT THEN I WAS IN MY LITTLE THING I WAS PUTTING MY LITTLE SPIRITUAL VITAMIN SHEETS ON MY DOOR AND AND THEN I HAD TO TAKE THOSE DOWN CAUSE IT WASN'T LINING UP TOO MUCH WITH WHAT WHAT WAS GOING ON,1,[But then I was] in my little thing- I was putting my little spiritual vitamin sheets on my door and- and then I had to take those down cause it wasn't lining up too much with what what [was going on.],10.29
../data_processed/wav/DCB_se1_ag4_m_02_1_part_116.wav,../data_processed/txt/DCB_se1_ag4_m_02_1_part_116.txt,MAURICE HOW LONG HAVE YOU HAD IT UH SINCE HE WAS UH BORN HE'S ABOUT FOUR YEARS NOW HE FOUR YEARS OLD HE FULL GROWN I DON'T KNOW WHY MY GIRLFRIEND NAMED HIM MAURICE SHE MUST HAVE SHE MUST HAVE A A BOYFRIEND OR SOMETHING EX BOYFRIEND NAMED MAURICE EVERY TIME SHE WANNA KICK THE DOG IN THE ASS EVERY TIME SHE WANNA KICK MAURICE IN THE ASS SHE KICK THE DOG IN THE ASS,1,"Maurice. How long have you had it? Uh, since he was /uh/ born. He's about four years now. He four years old. He full grown. I don't know why my girlfriend named him Maurice. She must have- she must have a a boyfriend or something- ex boyfriend named Maurice. [<laugh>] [Every time she wanna kick the dog in the ass-] [Every time] she wanna kick Maurice in the ass, she kick the dog in the ass.",20.901
../data_processed/wav/DCB_se3_ag3_m_02_1_part_138.wav,../data_processed/txt/DCB_se3_ag3_m_02_1_part_138.txt,ONCE THEY CAME DOWN I MEAN WHEN I I SAW HER AGAIN WHEN SHE LEFT SHE SAID SHE APPRECIATED EVERYTHING I MEAN IT'S NOTHING REALLY THAT WE COULD HAVE POSSIBLY DONE TO CHANGE IT BECAUSE SHE DIDN'T KNOW,1,"once they came down. I mean, when I- I saw her again when she left, she said she appreciated everything. I mean, it's nothing really that we could have [possibly done] [to change it] because she didn't know",10.48
../data_processed/wav/ATL_se0_ag2_f_02_1_part_27.wav,../data_processed/txt/ATL_se0_ag2_f_02_1_part_27.txt,JAZZ AND CHOREOGRAPHY TYPE DANCING I DID DO SOME STRIPPER DANCING SOME YEARS BACK,1,[jazz and] choreography type dancing. I did do some stripper dancing some years back.,7.185
../data_processed/wav/DCB_se1_ag3_f_02_1_part_16.wav,../data_processed/txt/DCB_se1_ag3_f_02_1_part_16.txt,THAT'S IT WHAT SEPARATES GO GO MUSIC FROM MANY OTHER MUSIC THEY GOT THAT UNIQUE SOUND THAT'S IT SO THE SOUND THE FA THE FAST PACE THE FAST BEATS THAT'S IT MM OKAY TELL ME ABOUT MUM MUMBO SAUCE TELL ME ABOUT MUMBO SAUCE ON THE WINGS YES,1,"That's it. <laugh> What separates go go music from many other music? They got that unique sound. That's it. /So/ the [sound?] [The fa-] the fast pace, the fast beats That's it. Mm okay. Tell me about mum- mumbo sauce. Tell me about mumbo sauce. On the wings? Yes.",20.445
../data_processed/wav/ROC_se0_ag1_f_02_1_part_128.wav,../data_processed/txt/ROC_se0_ag1_f_02_1_part_128.txt,UH REALLY JUST LIKE MEETING UP WITH PEOPLE I GUESS THERE'S NOTHING UH IN PARTICULAR I MEAN G I GUESS GOING TO WEGMANS IF I HAVE TO PICK SOMETHING UM BUT REALLY JUST KIND OF OF MEETING UP WITH PEOPLE I MEAN SOMETIMES I GO TO CAMPUS TOO LIKE I WENT TO CAMPUS YESTERDAY BUT IT'S USUALLY CONNECTED TO,1,"Uh, really just like meeting up with people I guess. There's nothing, uh, in particular I mean, g- I guess going to Wegmans if I have to pick something. Um, but really just kind of- of meeting up with people. I mean, sometimes I go to campus, too. Like I went to campus yesterday, but it's usually, connected to,",20.536
../data_processed/wav/ATL_se0_ag1_m_01_1_part_31.wav,../data_processed/txt/ATL_se0_ag1_m_01_1_part_31.txt,I ASKED THAT NIGGA I SAID AY WHY IS EVERYBODY CLAPPING CAUSE I'M CLAPPING TOO LIKE A DUMBASS YOU KNOW WHAT I'M SAYING I DON'T KNOW WHY THESE HOES CLAP HE'S LIKE BOY THEY CLAPPING FOR YOU YOU KNOW WHAT I'M SAYING I WAS LIKE OH SHIT YOU KNOW WHAT I'M SAYING LIKE I JU I DON'T KNOW BRUH THAT SHIT THAT SHIT TOOK ME TO ANOTHER LEVEL BRUH I GOT A FUCKING ROUND OF APPLAUSE BRUH FOR WHAT,1,"I asked that nigga, I said ay, why is everybody clapping? Cause I'm clapping too like a dumbass, you know what I'm saying. I don't know why these hoes clap. He's like, boy they clapping for you. You know what I'm saying. I was like, oh shit. (laughing) <laugh> You know what I'm saying, like I ju- I don't know, bruh. That shit- that shit took me to another level, bruh. I got a fucking round of applause, bruh. For what?",20.047
../data_processed/wav/ROC_se0_ag2_f_01_1_part_66.wav,../data_processed/txt/ROC_se0_ag2_f_01_1_part_66.txt,SO MUCH MONEY UM I YOU KNOW UM SO I I I GET LIKE THE FRUSTRATION BEHIND UM SEEING YOUR NEIGHBORHOOD TAKEN OVER AND I KNOW THAT FRUSTRATION CAN COME OUT IN A MULTITUDE OF WAYS ESPECIALLY YOU KNOW WHEN I SAY TARGETS IT'S LIKE WELL IF YOU CAN AFFORD TO LIVE IN LIKE YOU KNOW THIS EXPENSIVE HOUSING LIKE YOU MIGHT,1,"so much money. Um, i- you know, um, so I- I- I get like the frustration behind, um, seeing your neighborhood taken over, and I know that frustration can come out in a multitude of ways. Especially, you know, when I say targets, it's like, well if you can afford to live in like, you know, this expensive housing, like you might",20.095
../data_processed/wav/DCB_se1_ag2_m_03_1_part_9.wav,../data_processed/txt/DCB_se1_ag2_m_03_1_part_9.txt,I DON'T THINK NONE OF IT'S GONNA LAST ONLY THE GOOD STUFF LAST RIGHT YEAH OKAY SO ARE YOU LIKE WHAT ARE YOU IN COLLEGE WHAT DO YOU DO RIGHT NOW I'M JUST SELF EMPLOYED I DO LANDSCAPING YOU KNOW OH YOU DO LANDSCAPING CORRECT YOU OWN YOUR OWN BUSINESS THAT'S CORRECT WHAT'S THE NAME OF THE BUSINESS OH,1,"I don't think none of it's gonna last. Only the good stuff last. Right. Yeah, okay. So are you like- what are you, in college? What do you do? Right now I'm just self employed, I do landscaping, you know. Oh you do landscaping? Correct. You own your own business? That's correct. What's the name of the business? /RD-WORK-7/ Oh.",20.23
../data_processed/wav/DCB_se3_ag4_f_02_1_part_35.wav,../data_processed/txt/DCB_se3_ag4_f_02_1_part_35.txt,UM THAT'S THE ONLY REASON THAT I COULD THINK AND I CAN'T THINK OF ANY OTHER AREA OF SOUTHEAST AND I HAVE TO SAY I YOU KNOW BECAUSE I WENT TO SCHOOL UPTOWN AND ALL THAT STUFF I REALLY DIDN'T GET TO KNOW A LOT OF THE NEIGHBORHOODS I DIDN'T HANG OUT I MEAN YOU KNOW,1,"um, that's the only reason that I could think, and I can't think of any other area of Southeast- And I have to say, I- You know, because I went to school uptown and all that stuff, I really didn't get to know a lot of the neighborhoods. I didn't hang out- I mean you know,",18.14
../data_processed/wav/DCB_se1_ag3_m_01_1_part_26.wav,../data_processed/txt/DCB_se1_ag3_m_01_1_part_26.txt,YOU KNOW PEOPLE MOVED OUT TO OTHER PLACES GETTING OLDER BUT YOU LIABLE TO RUN INTO PEOPLE THAT YOU YOU KNOW SOMEBODY YOU HAVEN'T SEEN IN FOREVER AND IT'S FUN IT'S A COOKOUT YOU GOT MUSIC EVERYBODY TAKE A PICTURE YOU KNOW YOU GET TO SEE PEOPLE YOU YOU JUST IT'S JUST FUN KIND OF LIKE A REUNION FAMILY REUNION YOU COULD SAY,1,"You know, people moved out to other places getting older but you liable to run into people that you- you know- somebody you haven't seen in forever, and it's fun. It's a cookout. You got music. Everybody take a picture. You know, you get to see people you- you just- it's just fun. Kind of like a reunion. Family reunion, you could say.",21.578000000000007
../data_processed/wav/DCB_se3_ag4_m_01_1_part_13.wav,../data_processed/txt/DCB_se3_ag4_m_01_1_part_13.txt,WHAT WAS IT LIKE HOW WAS IT BACK THEN WAS IT HOW WAS IT BACK THEN AMONGST THE PEOPLE LIKE AS FAR AS IT WAS IT WAS GOOD THE INTERACTION IT WAS GOOD YOU KNOW BUT BECAUSE WE HAD IT WA OUR NEIGHBORHOOD WAS UNIQUE FROM THE STANDPOINT THAT YOU KNOW WHERE ADAMS MORGAN IS THAT WAS MOSTLY JUST HISPANIC MM YOU KNOW THERE WASN'T AND THERE AND THERE WERE,1,"What was it- like how was it back then? Was it- how was it back then? /?? amongst/ the people. Like as [far as] [It was-] [it was good.] [the interaction.] It was good. You know, but because we had- it wa- our neighborhood was unique from the standpoint that you know where Adams Morgan is, that was mostly just Hispanic. Mm. You know? There wasn't- and there- and there were",20.135
../data_processed/wav/DCB_se1_ag3_m_02_1_part_35.wav,../data_processed/txt/DCB_se1_ag3_m_02_1_part_35.txt,WE PROBABLY COULDN'T GET EVERYTHING WE WANTED TO GET BUT IT MADE ME TO BE THE PERSON WHO I AM TODAY YOU KNOW WHAT I'M SAYING MM HM TO SEE WHO YOUR FRIENDS REALLY ARE AND WHO THE ONES WHO REALLY AIN'T MM HM THE ONES WHO WILL LOOK TO PUT YOU DOWN AND THE ONES WHO WAS THERE BUT,1,"We probably couldn't get everything we wanted to get but it made me to be the person who I am today, you know what I'm saying. [Mm-hm.] [To see who your friends] really are and who the ones who really ain't. Mm-hm. The ones who will look to put you down and the ones who was there. But,",20.345
../data_processed/wav/PRV_se0_ag1_m_01_1_part_117.wav,../data_processed/txt/PRV_se0_ag1_m_01_1_part_117.txt,ROCKY MOUNT OR I WOULD GO TO RALEIGH TO SEE MY SISTER OR EITHER TO GREENSBORO TO SEE HER DAUGHTER,1,Rocky Mount or I would go to Raleigh to see my sister or either to Greensboro to see her daughter.,5.115
../data_processed/wav/DCB_se2_ag4_f_03_2_part_53.wav,../data_processed/txt/DCB_se2_ag4_f_03_2_part_53.txt,BUT SHE SHE WAS ALWAYS SHE JUST SEND ME US UP TO THAT STORE TO GET THAT STUFF FOR HER SO I LIKED THAT THAT WAS MY FAVORITE PLACE THAT TO LIVE I GUESS MAYBE CAUSE IT WAS MY DAD WAS STILL LIVING AND YOU KNOW I WAS SO LOVED HIM SO UH HE MADE IT GOOD ANYWAY WHEREVER WE WERE HE MADE IT GOOD,1,"[But] she- she was /always/- /she just/ send me- us up to that store to get that stuff for her, so. I liked- that- that was my favorite place that- to live. I guess maybe cause it was my dad was still living, and you know, I was- so loved him, so uh, he made it good anyway. Wherever we were, he made it good. [<laugh>]",19.869
../data_processed/wav/ATL_se0_ag2_m_03_1_part_139.wav,../data_processed/txt/ATL_se0_ag2_m_03_1_part_139.txt,BUT SHIT NIGGA NIGGA I GOT KIDS NIGGA MY THREE YEAR OLD KNOW HOW TO WORK THE MOTHER FUCKING PHONE AND TABLET NIGGA WHAT'S HE,1,"[but shit], nigga, nigga, I /got/ kids. Nigga my three year old know how to work the mother fucking phone and [tablet, nigga, /what's he-/]",5.938
../data_processed/wav/DCB_se1_ag2_m_01_1_part_14.wav,../data_processed/txt/DCB_se1_ag2_m_01_1_part_14.txt,NAH THE APARTMENTS I ALWAYS LIVED IN APARTMENTS SO I WANTED TO GO LIVE WITH MY FATHER LIKE I ALWAYS LIVED MY MOM WE ALWAYS LIVED IN APARTMENTS,1,"[Nah], the apartments- I always lived in apartments so I wanted to go live with my father like I always lived- my mom, we always lived in apartments.",6.075
../data_processed/wav/DCB_se1_ag4_f_01_2_part_1.wav,../data_processed/txt/DCB_se1_ag4_f_01_2_part_1.txt,MM HM BECAUSE I DIDN'T HAVE MY FIRST SON UNTIL I WAS THIRTY TWO SO WHEN I WAS YOUNGER I ALWAYS WANTED A BABY BECAUSE I FELT LIKE I HAD SOMEBODY TO LOVE AND SOMEBODY TO LOVE ME BACK BUT FOR SOME ODD REASON GOD DIDN'T,1,"Mm-hm. Because I didn't have my first son until I was thirty-two. So when I was younger, I always wanted a baby because I felt like I had somebody to love [and somebody] to love me back but for some odd reason God didn't",13.436
../data_processed/wav/PRV_se0_ag3_f_01_1_part_53.wav,../data_processed/txt/PRV_se0_ag3_f_01_1_part_53.txt,AND IN THE IN THESE RECENT YEARS SOME OF THE KIDS HAVE BEEN A LITTLE BIT MORE FORTUNATE BECAUSE UH CAME INTO THE AREA AND UH IMPLEMENTED SOME SUMMER ACTIVITIES FOR THE KIDS,1,"And in the- in these recent years, some of the kids have been a little bit more fortunate because, uh, /RD-NAME-4/ came into the area and, uh, implemented some summer activities for the kids.",14.083
../data_processed/wav/DCB_se3_ag3_m_02_1_part_81.wav,../data_processed/txt/DCB_se3_ag3_m_02_1_part_81.txt,AND UM MY FAMILY'S HUGE IN SOUTH CAROLINA I'M NOT THAT CLOSE TO MY FAM MY FATHER'S SIDE OF THE FAMILY IT'S I KNOW A COUPLE PEOPLE WITH THEM BUT NOT NOT THAT MANY,1,"And, um, my family's huge in South Carolina, I'm not that close to my fam- my father's side of the family. It's- I know a couple people with them, but not- [not that many.]",9.103
../data_processed/wav/ROC_se0_ag2_f_01_1_part_6.wav,../data_processed/txt/ROC_se0_ag2_f_01_1_part_6.txt,UM I GREW UP IN THE NINETEENTH WARD UM AND WE SO MY PARENTS BOUGHT THEIR HOUSE IN NINETEEN SEVENTY NINE UM WHEN THEY GOT MARRIED AND KEPT THE HOUSE UH SO I GREW UP THERE MY WHOLE LIFE ON STREET IT'S UM ALMOST NEAR WHERE UH STREET AND BOULEVARD UM MEET UM,1,"Um, I grew up in the nineteenth ward. Um, and we- so my parents bought their house in nineteen seventy-nine, um, when they got married, and kept the house. Uh, so I grew up there my whole life, on /RD-ADDRESS-2/ Street. It's, um, almost near where, uh, /RD-ADDRESS-3/ Street and /RD-ADDRESS-4/ Boulevard, um, meet. Um,",20.186
../data_processed/wav/DCB_se2_ag3_m_01_1_part_65.wav,../data_processed/txt/DCB_se2_ag3_m_01_1_part_65.txt,FOR ME TO LEAD TO SPEAK ET CETERA TO DO THESE THINGS THAT I TRY TO HELP GIVE KIDS NOW THAT I LOVE YOU KNOW DOING SO MUCH WITH 'EM NOW UM AND THEN BECAUSE OF THE ART EXPERIENCE THERE I WAS READY TO GO TO GR UH INTERVIEW FOR HIGH SCHOOL GOT INTO THE BOTH THE THEATER AND THE TV PRODUCTION APART DEPARTMENTS,1,"[for] me to lead, to speak, et cetera, to do these things that I try to help give kids now, that I love you know, doing so much with 'em now. Um, and then because of the art experience there, I was ready to go to /RD-SCHOOL-2/ gr- uh, interview for /RD-SCHOOL-2/ High School. Got into the both- the theater and the TV production apart- departments.",21.421
../data_processed/wav/ATL_se0_ag1_f_02_1_part_29.wav,../data_processed/txt/ATL_se0_ag1_f_02_1_part_29.txt,UM THE CHARTER SCHOOL WAS I WANNA SAY ABOUT THIRTY THIRTY FIVE MINUTES A DRIVE BUT THE PUBLIC SCHOOL WAS A WALK LITERALLY IT WAS AROUND LITERALLY AROUND THE CORNER LIKE I COULD WALK UP ONE BLOCK AND HIT A CORNER AND HIT ANOTHER CORNER AND I WAS AT SCHOOL,1,"Um, the charter school was I wanna say about thirty, thirty-five minutes a drive. But the public school was a walk literally. It was around- literally around the corner. Like I could walk up one block and hit a corner and hit another corner, and I was at school.",18.66
../data_processed/wav/ROC_se0_ag2_f_01_1_part_13.wav,../data_processed/txt/ROC_se0_ag2_f_01_1_part_13.txt,YEAH SO UM SO YEAH IT'S THAT'S AWESOME TOO LIKE YOU KNOW STILL HAVING THE UH YOU KNOW MY SISTER AND HER SON NOW LIVE IN THAT HOUSE AND STILL HAVING THE HOUSE THAT I WAS BORN IN AND A REALLY RIDICULOUS STORY LIKE THAT,1,"[<laugh>] Yeah, so, um, so yeah. It's- that's awesome too, like, you know, still having the- uh, you know, my sister and her son now live in that house, and still having the house that I was born in and a really ridiculous story like that. [<laugh>]",12.603
../data_processed/wav/DCB_se1_ag4_m_01_1_part_187.wav,../data_processed/txt/DCB_se1_ag4_m_01_1_part_187.txt,YOU KNOW UH REALLY OUT OF LIFE UNTIL THEY DECIDE TO GIVE UP THEMSELVES UNTIL THEY DECIDE TO NOT ALWAYS LOOK TO RECEIVE BUT LOOK TO GIVE YOU KNOW WHEN YOU GIVE THAT'S WHEN YOU RECEIVE THE BIBLE SAYS GIVE AND IT SHALL BE GIVEN UNTO YOU PRESSED DOWN SHAKEN TOGETHER RUNNING OVER SHALL MEN GIVE INTO YOUR BOSOM SO YOU KNOW SO YOU CAN'T GET ANYTHING UNLESS YOU'RE WILLING TO GIVE,1,"you know uh, really out of life until they decide to give up themselves, until they decide to not always look to receive but look to give. You know, when you give that's when you receive. The Bible says give and it shall be given unto you, pressed down, shaken together, running over, shall men give into your bosom. So you know, so you can't get anything unless you're willing to give.",17.04
../data_processed/wav/ROC_se0_ag1_f_02_1_part_56.wav,../data_processed/txt/ROC_se0_ag1_f_02_1_part_56.txt,YOU KNOW SH IT JUST ALWAYS SHE ALWAYS MADE IT SEEM THAT SHE WAS GONNA LIKE CHECK UP ON US AND STUFF LIKE THAT BUT ONCE I LEFT IT WAS SHE WAS ONLY CONCERNED ABOUT WHAT FELLOWSHIPS I WAS GETTING IF I GRADUATED AND LIKE SHE WAS JUST CONCERNED ABOUT THE NUMBERS TO GET LIKE MORE GRANTS AND I UM YEAH I MEAN I IF I AM ON CAMPUS I'LL SAY HELLO TO HER BUT I DON'T FEEL,1,"you know, sh- it just always- she always made it seem that she was gonna like, check up on us, and stuff like that. But once I left, it was- she was only concerned about what fellowships I was getting if I graduated, and like, she was just concerned about the numbers, to get, like, more grants. And, I, um, yeah, I mean I- if I am on campus I'll say hello to her, but I don't feel,",21.272
../data_processed/wav/ROC_se0_ag2_m_01_3_part_29.wav,../data_processed/txt/ROC_se0_ag2_m_01_3_part_29.txt,AND I REALIZED BECAUSE SHE HAD PREJUDICE AN ON THINKING ABOUT AFRICAN AMERICANS SPEAK AND I SAID WELL OH I'M FROM PITTSFORD SHE GOES OH AND THE CONVERSATIONS STOP BECAUSE THE MOMENT I SAID PITTSFORD SHE WAS LIKE OH YOU'RE A GOOD ONE,1,"And, I realized because she had prejudice an- on thinking about African Americans speak. And I said, well oh I'm from Pittsford. She goes, oh. And the conversations stop because the moment I said Pittsford, she was like, oh. You're a good one. <laughs>",19.311
../data_processed/wav/DCB_se2_ag4_f_02_1_part_14.wav,../data_processed/txt/DCB_se2_ag4_f_02_1_part_14.txt,UM THE KIDS NEXT DOOR NO THEY WERE UM A LITTLE OLDER,1,"Um, <ts> the kids next door, no. They were um, a little older,",5.65
../data_processed/wav/DCB_se2_ag2_f_02_1_part_184.wav,../data_processed/txt/DCB_se2_ag2_f_02_1_part_184.txt,UM AND LIKE I SAID FEEL FREE IF YOU NEED TO ASK MORE QUESTIONS LIKE I UNDERSTAND IT'S IMPORTANT IT'S YOUR DISSERTATION IT'S IMPORTANT STUFF,1,"Um, and like I said, feel free- if you need to ask more questions, like I understand it's important. It's your dissertation [it's important stuff.]",5.109
../data_processed/wav/DCB_se3_ag2_f_01_1_part_101.wav,../data_processed/txt/DCB_se3_ag2_f_01_1_part_101.txt,THEY DON'T CARE ABOUT P LIKE MY DAD DOESN'T CARE ABOUT CHRISTMAS LIKE LITERALLY HE SAID TO ME I DON'T GIVE A SHIT ABOUT CHRISTMAS CAUSE LIKE,1,"They don't care about p- like my dad doesn't care about Christmas. Like literally, he said to me, I don't give a shit about Christmas <laugh> cause [like]",6.595
../data_processed/wav/DCB_se2_ag4_f_03_1_part_32.wav,../data_processed/txt/DCB_se2_ag4_f_03_1_part_32.txt,WHEN HE PASSED SOMETHING WENT OUT OF ME I LOVE I JUST HE WAS UP HERE AND SO IT WAS HARD BUT UM THOSE ARE SOME OF THE BEST MEMORIES WERE IN THAT HOUSE MM,1,"When he passed, something went out of me. I love- I just- He was up here. And so it was hard, but um, those are- Some of the best memories were in that house. Mm.",16.309
../data_processed/wav/DCB_se2_ag3_m_03_2_part_5.wav,../data_processed/txt/DCB_se2_ag3_m_03_2_part_5.txt,AND KNOW THAT YOU CAN DO BETTER THAN WHAT THEY EXPECT YOU TO YOU KNOW HAVE RESPECT FOR YOURSELF HAVE RESPECT FOR OTHERS AND YOU'LL GET A LONG WAY YEAH YOU'LL GO A LONG WAY OUT HERE YOU KNOW WHAT I MEAN IT'S HARD TO SURVIVE,1,"and know that you can do better than what they expect you to. You know, have respect for yourself, have respect for others and you'll get a long way. Yeah, you'll go a long way out here. You know what I mean it's hard to survive",21.617
