/juice/scr/cpajot/data_processed_coraal/wav/DCB_se1_ag2_m_01_1_part_193.wav,/juice/scr/cpajot/data_processed_coraal/txt/DCB_se1_ag2_m_01_1_part_193.txt,DC WELL DC P DC PEOPLE LIKE THEY LIKE TO SAY MO AND BOB,1,DC? Well DC p- DC people like they like to say Mo and Bob.,5.3439999999999985
/juice/scr/cpajot/data_processed_coraal/wav/ATL_se0_ag2_f_01_1_part_27.wav,/juice/scr/cpajot/data_processed_coraal/txt/ATL_se0_ag2_f_01_1_part_27.txt,UM WHAT'S ANOTHER SHOW OH STAR THAT NEW ONE FROM LEE DANIELS THAT'S REALLY GOOD UH I WATCH POWER UM I WATCH REALITY TV I LIKE VANDERPUMP RULES UH WHAT ELSE LOVE AND HIP HOP SOMETIMES I WATCH THAT NOT TOO MUCH INTO THIS SEASON,1,"Um, what's another show? Oh, Star, that new one from Lee Daniels, that's really good. Uh, I watch Power. Um, <ts> I watch reality TV, I like Vanderpump Rules. Uh, what else? Love and Hip Hop, sometimes I watch that. Not too much into this season.",21.516
/juice/scr/cpajot/data_processed_coraal/wav/DCB_se1_ag3_m_02_1_part_46.wav,/juice/scr/cpajot/data_processed_coraal/txt/DCB_se1_ag3_m_02_1_part_46.txt,GROWING UP MM PROBABLY JUST WHEN WE WENT TO THE PARK AND COOKED OUT BUT WE DID THAT RARELY LIKE WE AIN'T REALLY DO TOO MUCH FAMILY SHIT YOU KNOW WE WAS ALREADY IN THE HOUSE THE FAMILY SHIT WAS GOING ON EVERY DAY,1,"Growing up. Mm. Probably just when we went to the park and cooked out but we did that rarely, like we ain't really do too much family shit. <clears throat> You know, we was already in the house, the family shit was going on every day.",20.689
/juice/scr/cpajot/data_processed_coraal/wav/PRV_se0_ag3_f_04_1_part_28.wav,/juice/scr/cpajot/data_processed_coraal/txt/PRV_se0_ag3_f_04_1_part_28.txt,AND MY NEIGHBOR WOKE ME UP AND TOLD ME SAY YOU KNOW THAT UH MY NEPHEW CALL ME AND SAY HE WAS GONNA GET HIS MAMA AND HE WAS COMING BY AT US SAID THAT SAID THE DAM GONNA BUST,1,"And my neighbor woke me up and told me, say, you know that uh, my nephew call me and say he was gonna get his mama, and he was coming by /at us/, Said that- Said the dam gonna bust.",16.907
/juice/scr/cpajot/data_processed_coraal/wav/ROC_se0_ag3_f_01_1_part_49.wav,/juice/scr/cpajot/data_processed_coraal/txt/ROC_se0_ag3_f_01_1_part_49.txt,SO YOU KNOW SHE WAS LIKE I KNOW BUT I THINK THAT WAS JUST HER WAY OF SAYING A ENOUGH IS ENOUGH I'M TIRED,1,"So, you know, she was like, I know. But I think that was just her way of saying a- enough is enough. [I'm tired.]",6.82
/juice/scr/cpajot/data_processed_coraal/wav/ATL_se0_ag1_f_03_1_part_26.wav,/juice/scr/cpajot/data_processed_coraal/txt/ATL_se0_ag1_f_03_1_part_26.txt,UM FOR A MID LINE THREE BACK LINE THE LEAST IS LIKE TWO FIFTY,1,"Um, for a mid line, three. Back line, the least is like two fifty.",5.541
/juice/scr/cpajot/data_processed_coraal/wav/DCB_se2_ag4_f_04_1_part_49.wav,/juice/scr/cpajot/data_processed_coraal/txt/DCB_se2_ag4_f_04_1_part_49.txt,BUT MR MADE SURE THAT WE WERE ABLE TO EXPERIENCE DIFFERENT THINGS AND AND WE WERE THE KIND OF THE TRAIL BLAZERS FOR THAT FOR OTHER SCHOOLS AND THEN I LEFT THERE AND WENT TO HIGH SCHOOL WHICH UM WAS I ENJOYED MY TIME AT,1,"But Mister /RD-NAME-2/ made sure that we were able to experience different things, and- and we were the- kind of the trail blazers for that for other schools. And then I left there and went to /RD-SCHOOL-2/ High School, which um, /RD-SCHOOL-2/ was- <sigh> I enjoyed my time at /RD-SCHOOL-2/.",20.798
/juice/scr/cpajot/data_processed_coraal/wav/DCB_se1_ag3_f_03_1_part_166.wav,/juice/scr/cpajot/data_processed_coraal/txt/DCB_se1_ag3_f_03_1_part_166.txt,CAUSE IT SHOULD BE NO REASON THAT THESE FAMILIES SHOULD BE LIVING IN SHELTERS LIVING IN HOTELS YOU KNOW IT'S IT'S CRAZY AND THAT'S I HAD TO TELL MY SON THAT PLEASE BE GRATEFUL ABOUT WHAT YOU HAVE CAUSE IT'S KIDS OUT HERE WHO DON'T HAVE ANY THING WHEN I SAY ANYTHING THEY LIVING ON THE STREET NOT EVEN IN A BUILDING ON THE STREET,1,"Cause it should be no reason that these families should be living in shelters, living in hotels. You know, it's- it's crazy, and that's- I had to tell my son that please be grateful about what you have cause it's kids out here who don't have any thing. When I say anything, they living on the street, not even in a building. On the street.",19.988
/juice/scr/cpajot/data_processed_coraal/wav/PRV_se0_ag3_m_02_2_part_38.wav,/juice/scr/cpajot/data_processed_coraal/txt/PRV_se0_ag3_m_02_2_part_38.txt,I'M TELLING YOU SEE I AIN'T NEVER SEEN NOBODY I WANNA HURT THEN A WOMAN GONNA LET ME ON THAT BED LET ME BE IN HER AND AND I AIN'T NEVER FELT NO WHEN YOU GET UP THERE ON ONE LIKE YOU WANT,1,"I'm telling you see I ain't never seen nobody I wanna hurt. Then a woman gonna let me on that bed, let me be in her, and- and I ain't never felt no /??/ when you get up there on one like you want.",9.148
/juice/scr/cpajot/data_processed_coraal/wav/ATL_se0_ag1_f_03_1_part_8.wav,/juice/scr/cpajot/data_processed_coraal/txt/ATL_se0_ag1_f_03_1_part_8.txt,UH ON A TYPICAL WEEKEND PROBABLY GO OUT TO A PARTY OR TO A CLUB OR TO A LOUNGE OR GO BOWLING OR SOMETHING OR STUDIO,1,"Uh, on a typical weekend, probably go out. to a party, or to a club, or to a lounge, or go bowling. Or something, or studio.",9.114
/juice/scr/cpajot/data_processed_coraal/wav/DCB_se3_ag4_m_01_1_part_57.wav,/juice/scr/cpajot/data_processed_coraal/txt/DCB_se3_ag4_m_01_1_part_57.txt,AND THAT'S ONE OF THE THINGS THAT UH I W I'M REALLY PUSHING TO TAKE THEM MY KIDS TO THE UH AFRICAN AMERICAN MUSEUM BECAUSE THERE'S SO MUCH THERE THAT'S A PART OF US THAT THEY HAVE NO CLUE ABOUT BECAUSE THEY'RE NOT GETTING IT IN SCHOOL,1,"and that's one of the things that, uh, I w- I'm really pushing to take them, my kids, to the, uh, African American Museum because there's so much there that's a part of us that they have no clue about because they're not getting it in school,",20.058
/juice/scr/cpajot/data_processed_coraal/wav/DCB_se1_ag2_f_03_1_part_70.wav,/juice/scr/cpajot/data_processed_coraal/txt/DCB_se1_ag2_f_03_1_part_70.txt,I GOT TO GO TO MINNESOTA WHICH WAS THE FIRST TIME I EVER FLEW ANYWHERE SO THAT WAS MY FIRST KEYSTONE CONFERENCE ACTUALLY YEAH SO WE HAD A REGIONAL ONE IT WAS HERE IN DC AND THEN WE GOT TO LIKE STAY AT A LITTLE HOTEL BUT WE WENT TO UM MINNESOTA AND WE GOT TO GO TO LIKE THE MALL OF AMERICA AND ALL OF THAT WE GOT TO MEET PEOPLE,1,"I got to go to Minnesota, which was the first time I ever flew anywhere. So that was my first Keystone conference. Actually yeah, so we had a regional one it was here, in DC. And then we got to like stay at a little hotel. But we went to, um, Minnesota and we got to go to like, the Mall of America, and all of that. We got to meet people",21.663
/juice/scr/cpajot/data_processed_coraal/wav/DCB_se2_ag2_f_01_1_part_95.wav,/juice/scr/cpajot/data_processed_coraal/txt/DCB_se2_ag2_f_01_1_part_95.txt,FROM LIKE THEY HAD MCDONALDS DELIVERED ON MOTORCYCLES THAT'S BETTER THAN OUR MCDONALDS BUT YOU DON'T SEE THAT STUFF YOU JUST SEE LIKE OH KIDS JUST GONNA BE BEGGING YOU FOR STUFF AND IT WASN'T LIKE THAT AT LIKE FOR ME IT WAS SOME PARTS BUT IT'S NOT ALL BAD,1,"from- like they had McDonalds delivered on motorcycles. That's better than our McDonalds. But you don't see that stuff. You just see like, oh kids just gonna be begging you for stuff, and it wasn't like that at- like, for me. It was some parts, [but it's not all bad.]",12.62
/juice/scr/cpajot/data_processed_coraal/wav/PRV_se0_ag1_f_01_1_part_28.wav,/juice/scr/cpajot/data_processed_coraal/txt/PRV_se0_ag1_f_01_1_part_28.txt,UNINTELLIGIBLE AND THE NEXT DAY THEN LIKE TOWARDS THE NIGHT TIME UM MY UM UNCLE'S WIFE SHE'S VERY CLOSE FRIEND OF UM OUR MAYOR'S UM STEP DAUGHTER,1,"/Unintelligible/ and the next day then like, towards the night time um, my um, uncle's wife, she's very close friend of um, our mayor's um, step daughter.",9.647
/juice/scr/cpajot/data_processed_coraal/wav/DCB_se1_ag3_m_01_1_part_68.wav,/juice/scr/cpajot/data_processed_coraal/txt/DCB_se1_ag3_m_01_1_part_68.txt,TERRIBLE BUT YEAH THE OWNER DOESN'T SEE THAT AND NOW THIS INTERVIEW IS GETTING DEPRESSING SO UM,1,"terrible. But yeah, the owner doesn't see that, and now this interview is getting depressing, so- [<ts> Um]",10.311
/juice/scr/cpajot/data_processed_coraal/wav/ROC_se0_ag1_f_01_1_part_16.wav,/juice/scr/cpajot/data_processed_coraal/txt/ROC_se0_ag1_f_01_1_part_16.txt,TO ALABAMA AND THEN MY FATHER'S MOM WATCHED ME AND AS I GOT OLDER YOU KNOW I GOT BORED AT MY GRANDMA'S HOUSE SO I STARTED GOING TO MY AUNT'S HOUSE SO,1,"to Alabama, and then my father's mom watched me. And as I got older, you know, I got bored at my grandma's house, so I started going to my aunt's house, so",7.879
/juice/scr/cpajot/data_processed_coraal/wav/PRV_se0_ag3_m_01_2_part_52.wav,/juice/scr/cpajot/data_processed_coraal/txt/PRV_se0_ag3_m_01_2_part_52.txt,PUT IT IN A CHORD PUT THE FOUR PARTS IN A CHORD FULL CHORD AND THEY WOULD REDO ONLY YOU AND IT WAS ALL OVER,1,"put it in a chord, put the four parts in a chord, full chord, and they would redo Only You. <laugh> And it was all over.",10.691
/juice/scr/cpajot/data_processed_coraal/wav/ROC_se0_ag2_f_04_1_part_20.wav,/juice/scr/cpajot/data_processed_coraal/txt/ROC_se0_ag2_f_04_1_part_20.txt,UM BECAUSE OF MY HUSBAND'S FAMILY STRONG UH BACKGROUND SO FOR MY CHILDREN WE'VE NEVER BEEN TO SOUTH CAROLINA UM BUT I'M REALLY INTERESTED IN GEECHEE AND GULLAH CULTURE AND I SOMETHING I FOCUS ON IN MY CLASSROOMS AND UM AND MY CHILDREN'S UH EXPERIENCES AS THEY'VE GROWING UP AND I JUST I REALLY COULD SEE MYSELF VISITING SOUTH CAROLINA ON A MORE REGULAR BASIS,1,"um, because of my husband's family strong, uh, background. So for my children, we've never been to South Carolina. Um, but I'm really interested in Geechee and Gullah culture, and I- something I focus on in my classrooms and, um, and my children's, uh, experiences as they've growing up, and I just- I really could see myself visiting South Carolina on a more regular basis.",20.231
/juice/scr/cpajot/data_processed_coraal/wav/DCB_se2_ag4_f_04_1_part_252.wav,/juice/scr/cpajot/data_processed_coraal/txt/DCB_se2_ag4_f_04_1_part_252.txt,UM MM PROBABLY WOULD HAVE TO BE THE STATUE OF MARTIN LUTHER KING THAT IS SURREAL IT IT IT JUST,1,"<ts> Um, mm. <ts> Probably would have to be the statue of Martin Luther King. That is surreal. It- it- it just-",13.925999999999998
/juice/scr/cpajot/data_processed_coraal/wav/DCB_se2_ag3_f_01_1_part_10.wav,/juice/scr/cpajot/data_processed_coraal/txt/DCB_se2_ag3_f_01_1_part_10.txt,WHICH WAS GOOD BECAUSE IT ALLOWED US TO BE KIND OF INTERACTIVE IN THE SCHOOLS AS A COMMUNITY AND ALSO FOR THE PARENTS WAS KNOWN FOR UM ACTUALLY OUR BASEBALL WHICH IS WHERE I MET MY MY HUSBAND MY EX HUSBAND SO WE WERE LIKE A GREAT BASEBALL TEAM THAT'S PRETTY MUCH IT AS FAR AS WE DIDN'T HAVE LIKE A HUGE REPUTATION,1,"which was good because it allowed us to be kind of interactive in the schools as a community and also for the parents. /RD-SCHOOL-4/ was known for, um, actually our baseball, which is where I met my- my husband, /RD-NAME-3/- my ex-husband, /RD-NAME-5/. So we were like a great baseball team. That's pretty much it, as far as /RD-SCHOOL-2/. We didn't have like a huge reputation",20.406
/juice/scr/cpajot/data_processed_coraal/wav/ROC_se0_ag3_f_02_1_part_99.wav,/juice/scr/cpajot/data_processed_coraal/txt/ROC_se0_ag3_f_02_1_part_99.txt,OH THEY W HAD A BIG COOKOUT HONORING THEIR MOTHER'S DEATH AND IT'S BEEN TWO YEARS AND THEY UM THEY INVITED JUST ABOUT EVERYBODY THEY KNEW SO UM BUT SOMETIMES WITH NO BABYSITTER I GUESS MY MOTHER WOULD L FEEL SORRY FOR ME,1,"[Oh], they w- had a big cookout honoring their mother's death. And it's been two years, and they- um, they invited just about everybody they knew. So, um, <ts> but sometimes with no babysitter, I guess my mother would l- feel sorry for me,",20.04
/juice/scr/cpajot/data_processed_coraal/wav/ROC_se0_ag2_f_01_1_part_205.wav,/juice/scr/cpajot/data_processed_coraal/txt/ROC_se0_ag2_f_01_1_part_205.txt,UM FROM THE CONSEQUENCES OF HER ACTIONS AND I LITTLE THINGS LIKE THAT I I HAVE LEARNED TO SEE AS PROGRESS AND THE SAME THING WHEN I WAS WORKING WITH PEOPLE WITH UM DEVELOPMENTAL DISABILITIES UM YOU KNOW PROGRESS COMES IN ALL SHAPES AND FORMS AND I'VE LEARNED TO LIKE NOT EXPECT SO MUCH UM SO FROM THAT JOB FROM THE I I'M IN MY CURRENT POSITION SO I WORK AT A BIRTH,1,"um, from the consequences <clears throat> of her actions and i- little things like that, I- I have learned to see as progress. And the same thing when I was working with people with, um, developmental disabilities. Um, you know, progress comes in all shapes and forms, and I've learned to like not expect so much. Um, so from that job, from the /RD-WORK-4/. I- I'm in my current position. So I work at a birth-",24.013
/juice/scr/cpajot/data_processed_coraal/wav/DCB_se1_ag2_f_02_1_part_174.wav,/juice/scr/cpajot/data_processed_coraal/txt/DCB_se1_ag2_f_02_1_part_174.txt,WHERE WHERE THEY SOMETIMES DO LIKE THE PIRATE SHIPS ON HALLOWEEN FOR THE LITTLE KIDS UM I CAN'T THINK OF THE NAME OF IT BUT THEY ALSO DO IT FOR ADULT I TOOK MY KIDS ON THERE CAUSE IT WAS LIKE GROUPON DEAL,1,"Where- where they sometimes do like the pirate ships on Halloween for the little kids. Um, I can't think of the name of it, but they also do it for adult- I took my kids on there cause it was like groupon deal.",8.479
/juice/scr/cpajot/data_processed_coraal/wav/ROC_se0_ag1_f_01_1_part_14.wav,/juice/scr/cpajot/data_processed_coraal/txt/ROC_se0_ag1_f_01_1_part_14.txt,NO I WAS REALLY FAMILY ORIENTED MY MOM UM,1,"[<ts>] [No, I was] really family oriented. My mom, um,",5.377000000000002
/juice/scr/cpajot/data_processed_coraal/wav/PRV_se0_ag3_f_02_1_part_115.wav,/juice/scr/cpajot/data_processed_coraal/txt/PRV_se0_ag3_f_02_1_part_115.txt,ONE OF THE UM MOTIONS WE MADE IN THE MEETING IS THAT THE DRUG HOUSES,1,"One of the um, motions we made in the meeting is that the drug houses",5.582000000000002
/juice/scr/cpajot/data_processed_coraal/wav/DCB_se1_ag3_f_03_1_part_104.wav,/juice/scr/cpajot/data_processed_coraal/txt/DCB_se1_ag3_f_03_1_part_104.txt,OH MAN WELL YOU KNOW CHUCK BROWN HE'S THE GODFATHER OF GO GO UM SO IT ALL STARTED WITH HIM BUT YOU KNOW THAT'S WHAT I GREW UP ON YOU KNOW THE GO GO MUSIC AND I DON'T KNOW I THINK IT'S JUST LIKE THE THE THE SOUND OF IT THE BEAT OF IT AND IT'S JUST LIKE WHEN WHEN YOU'RE TOGETHER,1,"Oh man, well, you know, Chuck Brown he's the godfather of go go. <ts> Um, so it all started with him. But, you know, that's what I grew up on, you know, the go go music. And I don't know, I think it's just like the- the- the sound of it, the beat of it. And it's just like when- when you're together",20.469
/juice/scr/cpajot/data_processed_coraal/wav/ROC_se0_ag2_f_02_1_part_40.wav,/juice/scr/cpajot/data_processed_coraal/txt/ROC_se0_ag2_f_02_1_part_40.txt,I LIKED IT WAS A NICE SCHOOL AND IT WAS IT WAS A MIX LIKE IT WAS IT'S A I THOUGHT IT WAS A MIX IT WAS JUST AS MANY BLACK KIDS AS IT WAS WHITE KIDS THE PROFESSORS WERE COOL THE CAMPUS WAS BIG IT WAS COLD AS HECK BUT THE CAMPUS WAS BIG IT WAS AN ADJUSTMENT FOR ME TO KNOW LIKE EVEN THOUGH YOU NOT AT HOME YOU GOTTA STILL DO YOUR WORK YOU GOTTA STILL DO STUFF IT WAS A BIT OF AN ADJUSTMENT,1,"I liked /RD-SCHOOL-2/. It was a nice school, and it was- it was a mix, like it was- it's a- I thought it was a mix. It was just as many black kids as it was white kids. The professors were cool. The campus was big. It was cold as heck, but the campus was big. It was an adjustment for me to know like, even though you not at home, you gotta still do your work, you gotta still do stuff. It was a bit of an adjustment.",24.454
/juice/scr/cpajot/data_processed_coraal/wav/PRV_se0_ag2_m_02_2_part_12.wav,/juice/scr/cpajot/data_processed_coraal/txt/PRV_se0_ag2_m_02_2_part_12.txt,YOU KNOW TO GET DIRECTLY INVOLVED WITH BUT UM UM YOU KNOW SO THERE WAS NO FACTORIES HERE SO YOU'RE AUTOMATICALLY INVOLVED IN OTHER AREAS OF COURSE YOU KNOW YOU DON'T HAVE YOUR OWN BUSINESSES,1,"you know, to get directly involved with but um, um, you know, so there was no factories here so you're automatically involved in other areas. [/Of course/] you know, you don't have your own businesses,",8.234
/juice/scr/cpajot/data_processed_coraal/wav/DCB_se2_ag4_f_01_1_part_31.wav,/juice/scr/cpajot/data_processed_coraal/txt/DCB_se2_ag4_f_01_1_part_31.txt,UM NOBODY F FURNITURE AND STUFF WAS SET OUTDOORS YOU KNOW BECAUSE PEOPLE TOOK IT IN PEOPLE CARED ABOUT PEOPLE THEN YOU KNOW IT WASN'T A SHAME FOR THAT TO HAPPEN,1,"Um, nobody f- furniture and stuff was set outdoors, you know, because people took it in. People cared about people then. You know, it wasn't a shame for that to happen.",10.164
/juice/scr/cpajot/data_processed_coraal/wav/ROC_se0_ag1_f_03_1_part_41.wav,/juice/scr/cpajot/data_processed_coraal/txt/ROC_se0_ag1_f_03_1_part_41.txt,I DIDN'T GET KISSED TIL I WAS SIXTEEN ALMOST SEVENTEEN LIKE NOT EVEN ONE KISS SO I FEEL LIKE I WAS A LATE BLOOMER IN THAT ASPECT,1,"I didn't get kissed till I was sixteen, almost [seventeen.] Like not even one kiss. So I feel like I was a late bloomer in that aspect.",6.597
/juice/scr/cpajot/data_processed_coraal/wav/ATL_se0_ag2_m_03_1_part_4.wav,/juice/scr/cpajot/data_processed_coraal/txt/ATL_se0_ag2_m_03_1_part_4.txt,REAL FUCKED UP DOWN THERE YOU FEEL ME YOU KNOW A LOT OF A LOT OF A LOT OF PEOPLE LOST THEY LIVES A LOT OF FLOODS TOOK TOOK EVERYTHING OUT YOU FEEL ME AND ALSO ONE THING I'D LIKE TO SAY IS LIKE,1,"real fucked up down there, you feel me. You know, a lot of- a lot of- a lot of people lost they lives. A lot of floods took- took everything out, you feel me. And also one thing I'd like to say is like,",10.181
/juice/scr/cpajot/data_processed_coraal/wav/DCB_se2_ag3_f_01_1_part_74.wav,/juice/scr/cpajot/data_processed_coraal/txt/DCB_se2_ag3_f_01_1_part_74.txt,FOR ME IN A SENSE THAT THEY RECOGNIZED THE THINGS THAT I HAD DONE IN THE PAST WHICH IS WHY THEY OFFERED ME THE POSITION AND IT WAS JUST CHALLENGING BECAUSE I WANTED IT BUT I WANTED HER TO GET IT AT THE SAME TIME,1,for me in a sense that they recognized the things that I had done in the past which is why they offered me the position. And it was just challenging because I wanted it but I wanted her to get it at the same time,12.367
/juice/scr/cpajot/data_processed_coraal/wav/PRV_se0_ag1_f_01_1_part_25.wav,/juice/scr/cpajot/data_processed_coraal/txt/PRV_se0_ag1_f_01_1_part_25.txt,AND UM LIKE THE DAY THE DAY LET'S SEE I THINK THE DAY AFTERWARDS UM BROWN AROUND HER HOUSE UM IT WAS ALREADY WATER,1,"And um, like the day- the day- Let's see. I think the day afterwards um, /brown/ around her house um, it was already water.",10.019
/juice/scr/cpajot/data_processed_coraal/wav/DCB_se2_ag3_f_01_1_part_43.wav,/juice/scr/cpajot/data_processed_coraal/txt/DCB_se2_ag3_f_01_1_part_43.txt,I IT'S ALMOST LIKE NEW YORK BECAUSE IT'S A LOT OF VARIETY UM AS FAR AS FOOD SO THOSE ARE MY FAVORITES BUT I'M I'M SO OPEN I'LL GO ANYWHERE,1,"I- it's almost like New York because it's a lot of variety, um, as far as food. So those are my favorites but I'm- I'm so open, I'll go anywhere. <laugh>",9.474
/juice/scr/cpajot/data_processed_coraal/wav/ROC_se0_ag1_m_03_1_part_28.wav,/juice/scr/cpajot/data_processed_coraal/txt/ROC_se0_ag1_m_03_1_part_28.txt,SO YOU KNOW AND THEN A WHOLE BUNCH OF STUFF WHOLE BUNCH OF OTHER STUFF HAPPENED THAT REALLY GOT ME LOST IN THE SAUCE I WASN'T I WAS I WAS A PERSON THAT CARED MORE ABOUT FAMILY THAN I WOULD SAY SOCIAL EXPERIENCES UM WHEN I WAS IN HIGH SCHOOL THE UPWARD BOUND IS WHAT HAD ME,1,"So, you know. And then a whole bunch of stuff- whole bunch of other stuff happened that really got me lost in the sauce. I wasn't- I was- I was a person that cared more about family, than I would say social experiences. Um, when I was in high school, the Upward Bound is what had me",20.308
/juice/scr/cpajot/data_processed_coraal/wav/ATL_se0_ag2_f_01_1_part_30.wav,/juice/scr/cpajot/data_processed_coraal/txt/ATL_se0_ag2_f_01_1_part_30.txt,I THINK IT'S A THING ABOUT LOOKS BECAUSE WITH GIRLS LIKE I KNOW WHEN I WAS LITTLE I HAD THOUSANDS OF BARBIE DOLLS BUT TO YOU THEY MIGHTA ALL LOOKED THE SAME AND TO ME THEY DIDN'T LOOK THE SAME SO I THINK THAT'S OUR OBSESSION WITH LIKE THE KARDASHIANS LIKE THEY YEAH PEOPLE MIGHT THINK LIKE THEY'RE FAKE OR WHATEVER BUT YOU KNOW,1,"I think it's a thing about looks because with girls, like, I know when I was little, I had thousands of Barbie dolls. But to you, they mighta all looked the same, and to me they didn't look the same. So I think that's our obsession with like the Kardashians like, they- yeah, people might think like they're fake or whatever. But, you know,",20.261
/juice/scr/cpajot/data_processed_coraal/wav/DCB_se2_ag4_f_04_1_part_125.wav,/juice/scr/cpajot/data_processed_coraal/txt/DCB_se2_ag4_f_04_1_part_125.txt,ALL OF THE CRIME YOU KNOW THE FEAR YOU DIDN'T HAVE ALL THAT YOU YOU YOU YOU JUST YOU JUST DIDN'T HAVE IT SO MY MEMORIES OF AND IT SOUNDS SO STRANGE BUT I HAVE TO I CAN BE HONEST ALL MY MEMORIES OF H STREET AND ALL THAT AREA IT WAS JUST NORMAL,1,"all of the crime. You know, the fear. You didn't have all that. You- you- you- you just- you just didn't have it. So my memories of- And it sounds so strange, but I have to- I can be honest. All my memories of H Street and all that area, it was just normal.",18.97
/juice/scr/cpajot/data_processed_coraal/wav/ROC_se0_ag2_f_04_1_part_14.wav,/juice/scr/cpajot/data_processed_coraal/txt/ROC_se0_ag2_f_04_1_part_14.txt,YES MY GRANDMOTHER MIGRATED HERE FROM UH FLORIDA AND GEORGIA WE ALWAYS GO BACK IF I'M LIKE GRANDMA WHAT DAY WHICH ONE YOU CAME FROM REALLY AND SO SHE WENT TO UM SHE WAS BORN IN GEORGIA SPENT SOME TIME IN FLORIDA PROBABLY GO WENT BACK TO GEORGIA THEN WENT TO NEW JERSEY WITH HER HUSBAND WHEN SHE WAS IN HER LATE TEENS AND THEN SHE CAME UP HERE AND UM SO I MY MOTHER WAS HER FIFTH CHILD IS HER FIFTH CHILD,1,"[Yes.] My grandmother migrated here from, uh, Florida and Georgia. We always go back /if I'm like/, Grandma what day, which one you came from really? And so, she went to- um, she was born in Georgia, spent some time in Florida, probably go- went back to Georgia, then went to New Jersey with her husband when she was in her late teens. And then she came up here and, um, so I- my mother was her fifth child- is her fifth child,",22.182
/juice/scr/cpajot/data_processed_coraal/wav/ROC_se0_ag1_m_03_1_part_49.wav,/juice/scr/cpajot/data_processed_coraal/txt/ROC_se0_ag1_m_03_1_part_49.txt,IT'S VERY GREAT SO IT'S A IT'S A DIFFERENT DYNAMIC FOR ME NOW I'M JUST LOOKING AT EVERYTHING DIFFERENTLY IT'S IT'S IT'S WEIRD,1,"It's very great, so, it's a- it's a different dynamic for me now. I'm just looking at everything differently. [It's- it's-] it's weird.",8.07
/juice/scr/cpajot/data_processed_coraal/wav/DCB_se1_ag2_f_01_1_part_14.wav,/juice/scr/cpajot/data_processed_coraal/txt/DCB_se1_ag2_f_01_1_part_14.txt,BECAUSE OF WHAT'S GOING ON AND MY BROTHER INCLUDED MY BROTHER HE GOT IN A LOT OF TROUBLE BEING UPTOWN HE WENT TO JAIL A COUPLE OF TIMES SO,1,[Because] of what's going on- And my brother included. My brother- He got in a lot of trouble being Uptown. He went to jail a couple of times. So.,9.089
/juice/scr/cpajot/data_processed_coraal/wav/ATL_se0_ag2_m_02_1_part_78.wav,/juice/scr/cpajot/data_processed_coraal/txt/ATL_se0_ag2_m_02_1_part_78.txt,MAN E IT'S INFESTED WITH RATS BRO I I KNOW THAT HAS NOTHING TO DO WITH THE INTERVIEW WHATSOEVER AND THAT,1,"[Man, e-] it's infested with rats, bro. I- I know that has nothing to do with the interview whatsoever, and that-",5.643
/juice/scr/cpajot/data_processed_coraal/wav/DCB_se2_ag3_m_03_1_part_86.wav,/juice/scr/cpajot/data_processed_coraal/txt/DCB_se2_ag3_m_03_1_part_86.txt,UM I HAD FOUND OUT I HAD TWO MORE SISTERS FROM MY FATHER WHEN I GOT UH WHEN I TURNED EIGHT YEARS OLD AND KIND OF SHOWED UP TO THE HOUSE ON THE FRONT DOOR LIKE HEY OPEN THE DOOR W WE YOUR SISTERS AND I'M LIKE NAH I ONLY GOT TWO SISTERS THEY'RE LIKE YES IT IS SO IT WAS KIND OF LIKE A SHOCK BUT UM THEY GREW UP IN DC ALSO,1,"Um, I had found out I had two more sisters from my father when I got uh- when I turned eight years old. /And/ kind of showed up to the house on the front door. Like, hey open the door, w- we your sisters, and I'm like, nah, I only got two sisters. They're like, yes it is, so it was kind of like a shock. But um, they grew up in DC also.",21.675
/juice/scr/cpajot/data_processed_coraal/wav/PRV_se0_ag1_f_01_1_part_106.wav,/juice/scr/cpajot/data_processed_coraal/txt/PRV_se0_ag1_f_01_1_part_106.txt,LIKE WHAT IS GOING ON LIKE THEN THE NEXT DAY WE WENT THERE AND MY MOTHER WENT BACK THERE THAT'S WHEN I TOLD YOU THEY GOT SHE GOT MY BOOK SACK AND EVERYTHING AND SHE WAS LIKE THIS IS NOT RIGHT AND THEN THAT NIGHT IT WAS ON,1,"Like what is going on? Like, then the next day, we went there, and my mother went back there- that's when I told you they got- she got my book sack and everything. And she was like, this is not right. [And then that] night it was on.",10.608
/juice/scr/cpajot/data_processed_coraal/wav/DCB_se2_ag4_f_02_1_part_20.wav,/juice/scr/cpajot/data_processed_coraal/txt/DCB_se2_ag4_f_02_1_part_20.txt,MM HM UM IT WAS NOT MY CHOICE IT WAS THEIR WE'RE NOT CATHOLIC UM MY PARENTS WANTED A BETTER LIFE AND A BETTER EDUCATION FOR ME THAN THEY HAD AND AT THE TIME THE M WE CALLED IT JUNIOR HIGH SCHOOL THEY CALLED IT MIDDLE SCHOOL JUNIOR HIGH SCHOOL IT WAS,1,"Mm-hm. Um, it was not my choice it was their, we're not Catholic. Um, my parents wanted a better life and a better education for me than they had. And at the time, the m- we called it junior high school, they called it middle school, junior high school it [was-]",15.663
/juice/scr/cpajot/data_processed_coraal/wav/ROC_se0_ag1_f_03_1_part_156.wav,/juice/scr/cpajot/data_processed_coraal/txt/ROC_se0_ag1_f_03_1_part_156.txt,THERE ARE I DIDN'T EVEN START TO LIKE UH THIS SUCKS CAUSE I HAVE A COLD UM I DIDN'T EVEN START TO LIKE THE CITY THAT I LIVED IN UNTIL I WAS MAYBE TWENTY FIVE,1,"There are. I didn't even start to like- <clears throat> uh, this sucks cause I have a cold. Um, I didn't even start to like the city that I lived in until I was maybe twenty-five.",10.046
/juice/scr/cpajot/data_processed_coraal/wav/DCB_se2_ag3_m_03_1_part_111.wav,/juice/scr/cpajot/data_processed_coraal/txt/DCB_se2_ag3_m_03_1_part_111.txt,TELL ME ABOUT YOUR COUSINS YEAH UH MY COUSINS IT WAS ONE PARTICULAR COUSIN THAT I GREW UP WITH THAT WAS MY HOMIE THAT W THAT WAS MY DUDE HE WAS LIKE MY BROTHER WE WAS AROUND THE SAME AGE HE HAD ME BY A YEAR UH HE GREW UP IN DC BUT THEN THEY MOVED AWAY CAUSE HIS FATHER WAS IN THE AIR FORCE,1,"Tell me [about your cousins.] [Yeah.] Uh, my cousins it was one particular cousin that I grew up with, that was my homie. That w- that was my dude. He was like my brother. We was around the same age he had me by a year. Uh, he grew up in DC but then they moved away cause his father was in the Air Force.",22.79
/juice/scr/cpajot/data_processed_coraal/wav/ATL_se0_ag1_f_03_1_part_52.wav,/juice/scr/cpajot/data_processed_coraal/txt/ATL_se0_ag1_f_03_1_part_52.txt,MM HM GONNA FEEL NICE THINKING MY SKIN,1,[Mm-hm.] [Gonna] feel nice /??/ thinking [my skin /???/.] [<laugh>],6.093
/juice/scr/cpajot/data_processed_coraal/wav/ATL_se0_ag2_m_03_1_part_36.wav,/juice/scr/cpajot/data_processed_coraal/txt/ATL_se0_ag2_m_03_1_part_36.txt,THERE'S A BIGGER CALLING IN LIFE AND I RATHER BE FOCUSED YOU SEE WHAT I'M SAYING THAN BE BLOW BUT I STILL GET I STILL GET BLOW AND I AIN'T EVEN NECESSARILY JUST TALKING ABOUT WEED YOU FEEL ME,1,"there's a bigger calling in life, and I rather be focused, you see what I'm saying, than be blow. But I still get- I still get blow, and I ain't even necessarily just talking about weed, you feel me.",8.475
/juice/scr/cpajot/data_processed_coraal/wav/ROC_se0_ag3_f_02_3_part_29.wav,/juice/scr/cpajot/data_processed_coraal/txt/ROC_se0_ag3_f_02_3_part_29.txt,I UH BUT I'M AFRAID TO DRIVE IT I SAID WHY HE SAID UH CAUSE IT'S GOT AIR CONDITIONING AND I KNOW IT'S GONNA BURN UP A LOT OF GAS I SAID NO THAT'S NOT THE WAY IS IS NOW THEY MAKE CARS BETTER NOW THEY DON'T BURN ANYMORE GAS THAN A,1,"I, uh, but I'm afraid to drive it. I said, why? He said, uh, cause it's got air conditioning. And I know it's gonna burn up a lot of gas. I said, no, that's not the way is is now. They make cars better now. They don't burn anymore gas than a",20.347
/juice/scr/cpajot/data_processed_coraal/wav/DCB_se2_ag3_f_02_1_part_29.wav,/juice/scr/cpajot/data_processed_coraal/txt/DCB_se2_ag3_f_02_1_part_29.txt,REALLY KNOW WAS A DC TERM BUT TH YEAH THEY WOULD CALL MARYLAND GIRLS BAMAS BECAUSE DC GIRLS HAD THIS CITY SWAG AND UM THE THING ABOUT DC AND THEIR PRIDE AND AND ONE OF THE REASONS THAT I THINK LIKE DC WAS KIND OF HYPED UP IN THE HEAD LIKE THEY WERE IS BECAUSE WE'VE ALWAYS,1,"really know was a DC term. But th- yeah, they would call Maryland girls bamas because DC girls had this city swag. And, um, the thing about DC and their pride and- and one of the reasons that I think like, DC was kind of hyped up in the head like they were is because we've always",20.272
/juice/scr/cpajot/data_processed_coraal/wav/PRV_se0_ag2_f_02_2_part_45.wav,/juice/scr/cpajot/data_processed_coraal/txt/PRV_se0_ag2_f_02_2_part_45.txt,EXCUSE ME THE SUN COME OUT AND HELP THE WATER GO DOWN DISSOLVE THE WATER SO UM THAT THURSDAY SUN CAME OUT SO NICE AND PRETTY AND UM SO I THINK EVERYBODY IN PRINCEVILLE WAS TRYING TO UM,1,"excuse me, the sun come out and help the water go down. Dissolve the water. <ts> So, um, that Thursday, sun came out so nice and pretty. And um, so I think everybody in Princeville was trying to um,",21.226
/juice/scr/cpajot/data_processed_coraal/wav/ATL_se0_ag1_f_02_1_part_66.wav,/juice/scr/cpajot/data_processed_coraal/txt/ATL_se0_ag1_f_02_1_part_66.txt,OKAY SO WHEN I FIRST MOVED DOWN HERE LIKE I SAID I MOVED INTO A NEIGHBORHOOD SO YOU GOTTA GET GET TO KNOW EVERYBODY IN THE CUL DE SAC THAT'S A THAT'S ANOTHER GEORGIA THING Y'ALL W,1,"Okay. So when I first moved down here, like I said, I moved into a neighborhood, so you gotta get- get to know everybody in the cul-de-sac. That's a- that's another Georgia thing. [Y'all w-]",9.964
/juice/scr/cpajot/data_processed_coraal/wav/DCB_se3_ag4_f_01_1_part_51.wav,/juice/scr/cpajot/data_processed_coraal/txt/DCB_se3_ag4_f_01_1_part_51.txt,YOU KNOW BLACK POWER IT WAS THE BLACK PANTHERS IT WAS KIND OF THAT ERA AND BUT THESE WERE PEOPLE WHO WANTED TO BE EDUCATED AND MOST OF THEIR BUILDINGS WERE DOWNTOWN NEAR UM LIKE UM SECOND AND UM WHERE THAT NEW WALMART IS DOWN IN NORTHEAST,1,"you know, Black Power. It was the Black Panthers. It was kind of that era. And- But these were people who wanted to be educated, and most of their buildings were downtown near um, like um, Second and um, where that new Walmart is, [down in Northeast.]",17.65
/juice/scr/cpajot/data_processed_coraal/wav/ROC_se0_ag1_m_02_1_part_28.wav,/juice/scr/cpajot/data_processed_coraal/txt/ROC_se0_ag1_m_02_1_part_28.txt,SO IT GROOMED ME F TO LIKE KNOW THE FOUNDATION MOST OF THE PEOPLE OUT HERE THAT SHOOT MUSIC VIDEOS OR WORK ON FILM THEY ALL COME FROM A FILM WORLD THEY NEVER REALLY GOT THE FOUNDATION OF THEATER YOU KNOW TH THOSE KIDS DON'T TAKE THAT THEATER CLASS OR THAT THEATER LIT CLASS THEY RATHER TAKE THE CGI CLASS YOU KNOW WHAT I MEAN THE THE THE PRODUCTION CLASS SO IT WAS COOL THAT I TOOK THOSE CLASSES BECAUSE,1,"So it groomed me f- to like know the foundation. Most of the people out here that shoot music videos or work on film, they all come from a film world. They never really got the foundation of theater, you know. Th- those kids don't take that theater class or that theater lit class. They rather take the CGI class, you know what I mean, the- the- the production class. So it was cool that I took those classes, because",20.551
/juice/scr/cpajot/data_processed_coraal/wav/PRV_se0_ag1_f_02_1_part_15.wav,/juice/scr/cpajot/data_processed_coraal/txt/PRV_se0_ag1_f_02_1_part_15.txt,SO WE'RE PLANNING TO GO UM DURING THE SUMMERTIME WHEN EVERYBODY'S HOME,1,"So we're planning to go um, during the summertime when everybody's home.",5.78
/juice/scr/cpajot/data_processed_coraal/wav/ROC_se0_ag2_f_01_1_part_178.wav,/juice/scr/cpajot/data_processed_coraal/txt/ROC_se0_ag2_f_01_1_part_178.txt,MAY HAVE LIKE PRECONCEIVED NOTIONS ABOUT THIS CHILD ALREADY AND LIKE DOESN'T LIVE IN THE AREA WHERE THIS CHILD IS GROWING UP HAS PRECONCEIVED NOTIONS ABOUT THE AREA THAT THEY LIVE IN A AND LIKE WHAT THIS CHILD CAN ACTUALLY ACCOMPLISH SO LIKE JUST BEING ABLE TO LOOK AT THESE THINGS ALL THESE THINGS THAT LIKE YOU KNOW THEY HAD BEEN KIND OF ON THE PERIPHERAL TO ME GROWING UP WERE STARTING TO LIKE MAKE MORE SENSE,1,"may have like preconceived notions about this child already, and like doesn't live in the area where this child is growing up, has preconceived notions about the area that they live in, a- and like what this child can actually accomplish. So like just being able to look at these things- all these things that like, you know, they had been kind of on the peripheral to me growing up, were starting to like, make more sense.",20.533
/juice/scr/cpajot/data_processed_coraal/wav/ROC_se0_ag3_f_02_3_part_76.wav,/juice/scr/cpajot/data_processed_coraal/txt/ROC_se0_ag3_f_02_3_part_76.txt,LAB WORK AND UM I WENT ON AND HAD THE SURGERY AND AFTER UM I FOUND OUT ABOUT THE CANCER THE NURSE PRACTITIONER TOLD ME THAT WHEN THEY,1,"lab work. And, um, I went on and had the surgery. And, after, um, I found out about the cancer, the nurse practitioner told me that when they",20.169
/juice/scr/cpajot/data_processed_coraal/wav/ROC_se0_ag1_f_03_1_part_39.wav,/juice/scr/cpajot/data_processed_coraal/txt/ROC_se0_ag1_f_03_1_part_39.txt,UM I CAN'T EVEN REALLY SAY THAT I'VE CHANGED CAUSE I WAS STILL DEVELOPING THEY WERE FORMATIVE YEARS SO LIKE I CAN'T SAY I WAS SOMETHING AND NOW I'M SOMETHING ELSE,1,"[Um.] I can't even really say that I've changed, cause I was still developing. They were formative years. [So] like, I can't say I was something and now I'm something [else.]",9.922
/juice/scr/cpajot/data_processed_coraal/wav/ROC_se0_ag2_m_01_3_part_1.wav,/juice/scr/cpajot/data_processed_coraal/txt/ROC_se0_ag2_m_01_3_part_1.txt,UM SO BUT IN IN TERMS LIKE THE IMPACT ON THE STUDENTS UM I PITTSFORD WORK CR HAS CREATED ALMOST A BUBBLE WHERE YOU'LL HAVE KIDS WHO'VE TRAVELED ALL OF THE WORLD WHO GO TO THESE SCHOOLS BUT HAVE NO CONCEPT OF DIVERSITY THEY HAVE NO CONCEPT OF UH UH OF,1,"Um, <ts> So, but in, in terms like the impact on the students, um, I- Pittsford work cr- has created almost a bubble. Where, you'll have kids who've traveled all of the world who go to these schools. But, have no concept of diversity. They have no concept of Uh, uh, of-",20.599
/juice/scr/cpajot/data_processed_coraal/wav/DCB_se1_ag2_m_01_1_part_195.wav,/juice/scr/cpajot/data_processed_coraal/txt/DCB_se1_ag2_m_01_1_part_195.txt,BOB WHAT'S UP BOB WHAT'S UP HOMIE WHAT'S UP B WHAT'S UP WHATEVER YOU KNOW WHAT I'M SAYING NEW YORK NEW YORK THAT'S A NEW YORK THING,1,"Bob. What's up, Bob. What's up, homie. What's up, B. What's up, whatever, you know what I'm saying. [New York-] New York- that's a New York thing,",6.376
/juice/scr/cpajot/data_processed_coraal/wav/DCB_se1_ag2_f_03_1_part_163.wav,/juice/scr/cpajot/data_processed_coraal/txt/DCB_se1_ag2_f_03_1_part_163.txt,IT'S VERY LONG AND THEN THEY DIDN'T WANNA TAKE THE TRAIN HOME THEY BE LIKE WE COULD WALK AND THEN WALK DOWN HERE GET ON THE BUS AND WALK NO I'M LEAVING GOING HOME,1,"It's very long. And then they didn't wanna take the train home. They be like, we could walk and then walk down here, get on the bus and walk. No. I'm leaving, going home.",10.795
/juice/scr/cpajot/data_processed_coraal/wav/ROC_se0_ag1_f_03_1_part_181.wav,/juice/scr/cpajot/data_processed_coraal/txt/ROC_se0_ag1_f_03_1_part_181.txt,AT THE SAME TIME LIKE THERE'S ALMOST EQUALLY AS MANY PEOPLE THAT ARE EVERYTHING ELSE,1,"at the same time like, there's almost equally as many people that are everything else.",6.3820000000000014
/juice/scr/cpajot/data_processed_coraal/wav/DCB_se2_ag4_f_04_1_part_260.wav,/juice/scr/cpajot/data_processed_coraal/txt/DCB_se2_ag4_f_04_1_part_260.txt,PHYSICALLY IT'S KILLING YOURSELF FROM A SPIRITUAL PERSPECTIVE THAT I DON'T HAVE TO BE RIGHT ALL THE TIME I DON'T HAVE TO KNOW EVERYTHING SO I DON'T HAVE TO TAKE ANGER TO EVERYTHING I DON'T HAVE TO HAVE AN OPINION ABOUT EVERYTHING,1,"physically, it's killing yourself from a spiritual perspective that- I don't have to be right all the time. I don't have to know everything. So I don't have to take anger to everything. I don't have to have an opinion about everything.",20.248
/juice/scr/cpajot/data_processed_coraal/wav/ATL_se0_ag1_m_02_1_part_100.wav,/juice/scr/cpajot/data_processed_coraal/txt/ATL_se0_ag1_m_02_1_part_100.txt,MM THAT'S A GOOD ONE SEE I'M ROCKING POWERADE BECAUSE IT'S CHEAPER,1,"Mm, that's a good one. See, I'm rocking Powerade because it's cheaper.",6.505
/juice/scr/cpajot/data_processed_coraal/wav/PRV_se0_ag3_f_04_1_part_31.wav,/juice/scr/cpajot/data_processed_coraal/txt/PRV_se0_ag3_f_04_1_part_31.txt,AND THEY DID SHE AND HER S YOUNGEST SON AND WE GOT IT I HAD A TRUCK THEN AND SHE DROVE,1,And they did- She and her s- youngest son and we got it- I had a truck then. And she drove,10.542
/juice/scr/cpajot/data_processed_coraal/wav/DCB_se2_ag2_f_01_1_part_65.wav,/juice/scr/cpajot/data_processed_coraal/txt/DCB_se2_ag2_f_01_1_part_65.txt,BUT IT'S WEIRD BUT I STILL HAVE THAT RESPECT FOR MY MOTHER LIKE STILL GONNA CALL HER MA SHE NAMED ME AFTER HER IT'S SO WEIRD BUT UM SO MY MOM,1,"<laugh> But it's weird but I still have that respect for my mother like, still gonna call her Ma. She named me after her, it's so weird. But um- [/So my mom-/]",8.61
/juice/scr/cpajot/data_processed_coraal/wav/DCB_se1_ag2_f_01_1_part_68.wav,/juice/scr/cpajot/data_processed_coraal/txt/DCB_se1_ag2_f_01_1_part_68.txt,IT'S A LOT OF HISPANIC AND UM EAST AFRICAN CULTURES HERE IT'S A LOT OF ETHIOPIANS AND ERITREANS AND SPANISH PEOPLE OUTSIDE OF WHITE PEOPLE I THINK IT COULD BE GOOD BUT,1,"It's a lot of Hispanic and um, East African cultures here. It's a lot of Ethiopians and Eritreans and Spanish people, outside of white people. I think it could be good, but-",17.901
/juice/scr/cpajot/data_processed_coraal/wav/DCB_se2_ag2_f_02_1_part_26.wav,/juice/scr/cpajot/data_processed_coraal/txt/DCB_se2_ag2_f_02_1_part_26.txt,SO I HAD TO READ A LOT MORE UM AND I LEARNED OF COURSE AT A VERY YOUNG AGE THAT READING IS MY KEY TO GOING ANYWHERE IN LIFE UH SO THAT CAME BACK WITH ME AT THAT POINT IN TIME,1,"[So] I had to read a lot more. Um, and I learned of course, at a very young age that reading is my key to going anywhere in life. Uh, so that came back with me at that point in time.",9.595
/juice/scr/cpajot/data_processed_coraal/wav/DCB_se1_ag2_f_01_1_part_57.wav,/juice/scr/cpajot/data_processed_coraal/txt/DCB_se1_ag2_f_01_1_part_57.txt,HAVE YOU HAVE YOU EVER SEEN THE OLD WOOD YOU SAW THE OLD WOODSON IT REMIND ME ME OF THE OLD WOODSON HIGH SCHOOL,1,[Have you]- Have you ever seen the old Wood- You saw the old Woodson? It remind me- me of the old Woodson high school.,5.242000000000001
/juice/scr/cpajot/data_processed_coraal/wav/DCB_se1_ag2_m_01_1_part_179.wav,/juice/scr/cpajot/data_processed_coraal/txt/DCB_se1_ag2_m_01_1_part_179.txt,YOU CAN ASK HER LIKE I TOLD HER LIKE I DON'T I FEEL LIKE I'M TOUCHING A LITTLE BOY YOU TOO SKINNY AND SHIT YOU KNOW WHAT I'M SAYING LIKE I NEED SOME I NEED SOME CUSHION WITH IT THIS MY MOM I CAN CALL HER BACK,1,"You can aks her, like I told her like I don't- I feel like I'm touching a little boy, you too skinny and shit you know what I'm saying like, I need some- I need some cushion with it. This my mom, I can call her back.",10.062
/juice/scr/cpajot/data_processed_coraal/wav/PRV_se0_ag3_f_03_1_part_1.wav,/juice/scr/cpajot/data_processed_coraal/txt/PRV_se0_ag3_f_03_1_part_1.txt,WELL NO WHEN I WHEN I GOT SIXTEEN OR SEVENTEEN I LEFT AND GOT ME A LITTLE JOB UP IN VIRGINIA BEACH,1,"Well no, when I- when I got sixteen or seventeen I left and got me a little job up in Virginia Beach.",7.198
/juice/scr/cpajot/data_processed_coraal/wav/PRV_se0_ag2_f_02_2_part_49.wav,/juice/scr/cpajot/data_processed_coraal/txt/PRV_se0_ag2_f_02_2_part_49.txt,SOME OF THAT DAY BUT I DIDN'T KNOW IT WAS ANYTHING WAS GONNA FLOOD EVEN WENT BACK TO MY MOM HOUSE THAT EVENING AFTER WORK,1,"some of that day, but I didn't know it was anything was gonna flood. Even went back to my mom house that evening after work (laughing).",7.422999999999999
/juice/scr/cpajot/data_processed_coraal/wav/DCB_se1_ag4_m_01_1_part_154.wav,/juice/scr/cpajot/data_processed_coraal/txt/DCB_se1_ag4_m_01_1_part_154.txt,YEAH I EAT MUMBO SAUCE YEAH MUMBO SAUCE UH POPULAR IN THE BACK IN THE SIXTIES TOO UH YOU MIGHT NOT BE FAMILIAR WITH WINGS N WITH WINGS N THINGS WINGS N THINGS WINGS N' MORE WINGS USED TO BE A PLACE CALLED WINGS AND WINGS AND THINGS IN DC,1,"Yeah I eat mumbo sauce, yeah. Mumbo sauce uh, popular in the- back in the sixties too uh, you might not be familiar with Wings-N- with Wings-N-Things. Wings-N-Things, Wings N' More Wings, used to be a place called Wings and- Wings and Things in DC.",13.335
/juice/scr/cpajot/data_processed_coraal/wav/ATL_se0_ag2_m_02_1_part_100.wav,/juice/scr/cpajot/data_processed_coraal/txt/ATL_se0_ag2_m_02_1_part_100.txt,YOU KNOW WHAT I'M SAYING MOVIES WHATEVER IT IT SHOWS HOW WE ARE USED AS PAWNS TO GET TO A BIGGER PLATEAU WE CREATE A REVENUE AND THEN THEY TAKE IT FROM UNDER US SO IT'S ALL THESE LOOPHOLES BECAUSE AGAIN WE'RE BLINDED BY THE NOW WHAT'S IN FRONT OF US BUT ME I'M THINKING WHEN I GET MONEY OR PEOPLE THROW MONEY AT ME WHERE AM I GONNA BE TEN YEARS FROM NOW WHERE AM I GONNA BE TWENTY YEARS FROM NOW WHERE D,1,"you know what I'm saying, movies, whatever. It- it shows how we are used as pawns to get to a bigger plateau. We create a revenue and then they take it from under us, so it's all these loopholes because again, we're blinded by the now what's in front of us. But me, I'm thinking when I get money, or people throw money at me, where am I gonna be ten years from now? Where am I gonna be twenty years from now? Where d-",22.898000000000003
/juice/scr/cpajot/data_processed_coraal/wav/DCB_se2_ag3_m_02_1_part_15.wav,/juice/scr/cpajot/data_processed_coraal/txt/DCB_se2_ag3_m_02_1_part_15.txt,UM THE APARTMENT WAS COOL UM LIKE UH WHO WHO LIVED THERE I HAD MY MOM GRANDMOTHER GREAT GRANDMOTHER AND MY UNCLE UM BELIEVE IT WAS A,1,"Um, the apartment was cool. Um, (laughing) like, uh, who- who lived there? I had my mom, grandmother, great-grandmother, and my uncle. Um, believe it was a",21.549
/juice/scr/cpajot/data_processed_coraal/wav/ROC_se0_ag3_f_01_1_part_28.wav,/juice/scr/cpajot/data_processed_coraal/txt/ROC_se0_ag3_f_01_1_part_28.txt,CAUSE I S I STARTED AT THE OLD ON CLIFFORD OR WHATEVER I ONLY WENT THERE FOR NINTH GRADE AND THEN I WENT T THEY BUILT THE NEW ONE SO I WAS THE FIRST CLASS AT THE NEW ONE SO IT WAS A TRADE SCHOOL SO I LOVED IT,1,"cause I s- I started at the old /RD-SCHOOL-3/ on Clifford or whatever. I only went there for ninth grade. And then I went t- they built the new one, so I was the first class at the new one. So, it was a trade school, [so I] loved it,",13.837
/juice/scr/cpajot/data_processed_coraal/wav/DCB_se1_ag2_f_02_1_part_4.wav,/juice/scr/cpajot/data_processed_coraal/txt/DCB_se1_ag2_f_02_1_part_4.txt,UM AND HE'S A REGIONAL MANAGER FOR HOME DEPOT M,1,"Um, and he's a regional manager for Home Depot. [M-]",5.132999999999999
/juice/scr/cpajot/data_processed_coraal/wav/DCB_se1_ag3_f_01_1_part_173.wav,/juice/scr/cpajot/data_processed_coraal/txt/DCB_se1_ag3_f_01_1_part_173.txt,MM HM UM SOME OF THE BE WE HAD WHEN WE FIRST WENT GO GO FIRST CAME ABOUT YOU HAD AIR RAID TROUBLE FUNK JUNK YARD,1,"[Mm-hm.] Um, some of the be- We had, when we first went- go go first came about, you had Air Raid, Trouble Funk, Junk Yard.",8.68
/juice/scr/cpajot/data_processed_coraal/wav/DCB_se2_ag4_f_01_1_part_4.wav,/juice/scr/cpajot/data_processed_coraal/txt/DCB_se2_ag4_f_01_1_part_4.txt,WELL AT ONE TIME WHEN I WAS COMING UP M AROUND THE TIME THEY WOULD SAY YOU WOULD HAVE TO HAVE BEEN AT LEAST MINIMUM THE SECOND GENERATION IF NOT THE THIRD,1,"Well at one time when I was coming up, m- around the time, they would say you would have to have been at least minimum the second generation, if not the third.",9.062
/juice/scr/cpajot/data_processed_coraal/wav/DCB_se2_ag3_m_02_1_part_46.wav,/juice/scr/cpajot/data_processed_coraal/txt/DCB_se2_ag3_m_02_1_part_46.txt,OH IT'S MUSIC CLASS MY MUSIC TEACHER COMES TO MY CLASS AND WE TALK ABOUT MUSIC AND STUFF OH IT'S YOU KNOW PE OUR MUSI OUR PE TEACHER COMES TO OUR CLASS COVERS THE HEALTH STUFF AND THEN WE ALL GO OUTSIDE OH IT'S YOU KNOW SO FOR JUNIOR HIGH SCHOOL WE IT WAS THE OPPOSITE IT WAS INVERTED,1,"oh, it's music class, my music teacher comes to my class, and we talk about music and stuff. Oh, it's, you know, PE. Our musi- our PE teacher comes to our class, covers the health stuff, and then we all go outside. Oh it's- you know, so for junior high school, we- it was the opposite, it was inverted.",20.678
/juice/scr/cpajot/data_processed_coraal/wav/PRV_se0_ag3_m_01_1_part_24.wav,/juice/scr/cpajot/data_processed_coraal/txt/PRV_se0_ag3_m_01_1_part_24.txt,BECAUSE YOU KNOW WE HAVE UM A DYKE A A LAKE BACK THERE WHICH WAS THE RESULTS FROM DIGGING THE DYKE,1,"Because you know we have, um, a dyke /??/- a- a lake back there which was the results from digging the dyke.",6.956
/juice/scr/cpajot/data_processed_coraal/wav/DCB_se1_ag2_f_02_1_part_71.wav,/juice/scr/cpajot/data_processed_coraal/txt/DCB_se1_ag2_f_02_1_part_71.txt,BUT I KNEW THAT I WAS NOT HAPPY AND I KNEW THAT ME AND MY BOYFRIEND AT THE TIME WAS NOT GONNA BE A PERMANENT THING WASN'T GONNA BE A LONG TERM THING SO IT WAS LIKE LET ME DO ME LIKE YOU KNOW AND SO ME AND HIM STARTED TALKING NO NO NO NO WE DIDN'T START TALKING RIGHT THEN AND THERE WE DIDN'T START TALKING RIGHT THEN AND THERE Y'ALL STARTED DRINKING YEAH WE WAS DRINKING WE WAS TALKING AND ALL THIS OTHER STUFF SO WE ALL LEFT,1,"[<laugh>] But I knew that I was not happy and I knew that me and my boyfriend at the time was not gonna be a permanent thing, wasn't gonna be a long term thing so it was like, let me do me. Like, you know, and so me and him started talking- No no no no, we didn't start talking right then and there. We didn't start talking right then and there. Y'all started drinking. [<laugh> Yeah we was drinking] we was talking and all this other stuff. So we all left.",21.819000000000006
/juice/scr/cpajot/data_processed_coraal/wav/PRV_se0_ag2_m_01_1_part_32.wav,/juice/scr/cpajot/data_processed_coraal/txt/PRV_se0_ag2_m_01_1_part_32.txt,BUT JUST THE POINT OF HIM LIKE I SAID JUST WANTING ME TO STOCK AS FAST AS THE GUYS WHO ALREADY BEEN THERE YEARS,1,But just the point of him- Like I said just wanting me to stock as fast as the guys who already been there years.,5.409
/juice/scr/cpajot/data_processed_coraal/wav/DCB_se1_ag4_m_01_1_part_161.wav,/juice/scr/cpajot/data_processed_coraal/txt/DCB_se1_ag4_m_01_1_part_161.txt,UH CITY'S CHANGING UH GENTRIFICATION YOU KNOW IT'S NOT CHOCOLATE CITY IT'S IT'S IT'S IT'S VANILLAWILL VANILLAVILLE YOU KNOW THAT'S WHAT I CALL NOW VANILLAVILLE YOU KNOW BECAUSE NOW ALL THE WHITES THAT MOVED BACK IN YOU KNOW UH UPPER SCALE WHITES YOU KNOW WITH THE WITH YOU KNOW THE THE INCOME DISPARITIES YOU KNOW BETWEEN BLACKS AND WHITES IT'S IT'S IT'S SUCH SO SO SO FAR APART,1,"Uh, city's changing uh, gentrification. You know. It's not Chocolate City, it's- it's- it's- it's /vanillawill-/ vanillaville. You know. That's what I call now, vanillaville, you know because now all the whites that moved back in, you know uh, upper scale whites you know with the- with- you know the- the income disparities you know between blacks and whites it's- it's- it's such- so- so- so far apart",20.645
/juice/scr/cpajot/data_processed_coraal/wav/ROC_se0_ag2_f_04_1_part_80.wav,/juice/scr/cpajot/data_processed_coraal/txt/ROC_se0_ag2_f_04_1_part_80.txt,I BEEN BLACK ALL MY LIFE AND I'M STRAIGHT UP AND DOWN AND YOU CAN ADD A LITTLE COMMA PERIOD EXCLAMATION POINT PAUSE DOUBLE DASH OF THAT THING AND YOU WOULD NEED TO READ SOMEBODY'S STUFF AND SO I TELL MY STUDENTS I'D HAD SOME OF THE TOP POETS IN ROCHESTER COME IN MY CREATIVE WRITING CLASS AND I SAID DON'T TELL ME ABOUT ANYBODY'S POEM ABOUT YOUR POEM IF YOU CAN'T TELL ME ABOUT ANYBODY THAT YOU READING I DON'T WANNA KNOW DON'T TELL ME YOU WRITE AND YOU DON'T READ I L I,1,"I been black all my life, and I'm straight up and down, and you can add a little comma, period, exclamation point, pause, double dash of that thing. And you would need to read somebody's stuff. And so I tell my students- I'd had some of the top poets in Rochester come in my creative writing class, and I said, don't tell me about anybody's poem- about your poem if you can't tell me about anybody that you reading. I don't wanna know- don't tell me you write and you don't read. I l- I-",21.099
/juice/scr/cpajot/data_processed_coraal/wav/PRV_se0_ag2_m_02_1_part_49.wav,/juice/scr/cpajot/data_processed_coraal/txt/PRV_se0_ag2_m_02_1_part_49.txt,MOST OF 'EM ARE UH HEART ATTACKS UM CALLS UH DIFFICULTY BREATHING GET A LOT OF DIFFICULTY BREATHING,1,"[/?/] most of 'em are uh, heart attacks, um, /??/ calls, [uh], difficulty breathing, get a lot of difficulty breathing",7.193
/juice/scr/cpajot/data_processed_coraal/wav/DCB_se2_ag4_f_01_1_part_14.wav,/juice/scr/cpajot/data_processed_coraal/txt/DCB_se2_ag4_f_01_1_part_14.txt,SO OFTEN AS A CHILD GROWING UP WE PLAYED WALKED DOWNTOWN AND WALKED UP AND DOWN THE MONUMENT STEPS ON A NUMBER OF OCCASIONS UH THAT WAS WHAT WE DID WITH OUR PASS TIME WE WOULD GET UP IN THE MORNING DO OUR CHORES AND SHE NEVER SAID WHERE YOU GOING WHATCHU GONNA DO JUST STAY OUT OF TROUBLE,1,"So often as a child growing up, we played, walked downtown and walked up and down the monument steps on a number of occasions. Uh, that was what we did with our pass time. We would get up in the morning, do our chores, and <clap> she never said, where you going? Whatchu gonna do? Just stay out of trouble.",17.287
/juice/scr/cpajot/data_processed_coraal/wav/PRV_se0_ag3_f_01_1_part_125.wav,/juice/scr/cpajot/data_processed_coraal/txt/PRV_se0_ag3_f_01_1_part_125.txt,SO I'M STILL SOMETIMES I THINK ABOUT IT I GO RIGHT TO THAT VERY PONT POINT TO REALIZE AND UH BELIEVE ME WE WERE DREAMING ABOUT GOING TO HAWAII DOING ALL THOSE GLAMOROUS THINGS WITH OUR SAVINGS,1,"So I'm still- sometimes I think about it. I go right to that very /pont/- point to realize. And, uh, believe me, we were dreaming about going to Hawaii, doing all those glamorous things with our savings",14.937
/juice/scr/cpajot/data_processed_coraal/wav/ROC_se0_ag1_f_03_1_part_193.wav,/juice/scr/cpajot/data_processed_coraal/txt/ROC_se0_ag1_f_03_1_part_193.txt,SOMEBODY'S I LOOK LIKE SOMEBODY'S GRANDMA LIKE CARRYING A TOTE BAG THAT SAYS ROCHESTER LIKE FUCK THAT BUT I SAW THIS SHIRT AND I WAS LIKE OH MY GOD I NEED THIS SHIRT,1,"[somebody's- I look like somebody's] grandma like, carrying a tote bag that says Rochester. Like, fuck that. But I saw this shirt and I was like, oh my [god I need this shirt.]",6.582999999999998
/juice/scr/cpajot/data_processed_coraal/wav/ATL_se0_ag1_m_01_1_part_98.wav,/juice/scr/cpajot/data_processed_coraal/txt/ATL_se0_ag1_m_01_1_part_98.txt,TV WISE TV AND MOVIES SHIT I LIKE UM STRANGER THINGS THAT SHIT WAS GOOD AS FUCK WAITING ON SEASON TWO I SEEN ONE EPISODE YEAH NEED TO GET UP ON THAT SHIT BROTHER GET I NEED GET UP ON THAT OKAY I FUCKS WITH UM I FUCKS WITH UM DAMN WALKING DEAD,1,"TV wise? TV and movies? Shit, I like, um, Stranger Things. That shit was good as fuck. Waiting on season two. I seen one episode, /yeah./ Need to get up on that shit, [brother.] [Get- I] need get up on that, [okay.] [I] fucks with- um, <ts> I fucks with, um, damn, Walking Dead.",20.185
/juice/scr/cpajot/data_processed_coraal/wav/DCB_se2_ag4_f_01_1_part_218.wav,/juice/scr/cpajot/data_processed_coraal/txt/DCB_se2_ag4_f_01_1_part_218.txt,DC HAS EIGHT WARDS FOUR QUADRANTS AND ON THE OUTSKIRTS OF S UH OH OF THE EAST OF THE RIVER IS WARD NINE,1,"DC has eight wards, four quadrants, and on the outskirts of s- uh- o- of- the- East of the river is Ward Nine.",8.145
/juice/scr/cpajot/data_processed_coraal/wav/DCB_se2_ag3_m_03_1_part_41.wav,/juice/scr/cpajot/data_processed_coraal/txt/DCB_se2_ag3_m_03_1_part_41.txt,THAT WAS FROM ACTUALLY FROM DC VERSUS A BAND THAT I PLAYED IN MARYLAND YOU KNOW WHAT I'M SAYING WE PLAYED A LOT OF MARYLAND SPOTS BUT YOU KNOW THAT DC HAD JUST THAT RAW THAT RAW SOUND YOU KNOW WHAT I'M SAYING THEM DUDES WAS JUST RAW YOU KNOW THEY WENT HARD YOU KNOW WHAT I'M SAYING IT WAS LIKE THIS WHO I AM I'M DOWN TO DIE FOR MINE,1,"that was from- actually from DC versus a band that I played in Maryland, you know what I'm saying we played a lot of Maryland spots but you know that DC had just that raw- that raw sound you know what I'm saying, them dudes was just raw you know. They went hard you know what I'm saying it was like, this who I am, I'm down to die for mine",20.139
/juice/scr/cpajot/data_processed_coraal/wav/DCB_se3_ag3_m_02_1_part_207.wav,/juice/scr/cpajot/data_processed_coraal/txt/DCB_se3_ag3_m_02_1_part_207.txt,YES IT DOES SEEING THAT YOU'RE NOT THE ONLY ONE THAT HAVE HAVE ISSUES OR PROBLEMS IT'S PEOPLE WITH ISSUES OR PROBLEMS THAT SUPER EXCEED YOURS,1,"Yes it does, seeing that you're not the only one that have- <laugh> have issues or problems. It's people with issues or problems that super exceed yours.",7.997999999999998
/juice/scr/cpajot/data_processed_coraal/wav/PRV_se0_ag2_f_02_1_part_107.wav,/juice/scr/cpajot/data_processed_coraal/txt/PRV_se0_ag2_f_02_1_part_107.txt,UH LIKE I SAID CERTAIN PARTS WAS WOODED WOODED AREAS AND UH UM IF I'M NOT MISTAKEN I DON'T THINK PRINCEVILLE SCHOOL WAS THERE THEN OR IF IT WAS MAYBE IT MIGHTA S SMALL BUT IT WAS LIKE I SAID IT WAS A FEW,1,"[Uh], like I said, certain parts was wooded- wooded areas, and, uh, um, if I'm not mistaken- I don't think Princeville School was there then, or if it was, maybe it mighta- s- small. But it was- like I said, it was a few-",20.52
/juice/scr/cpajot/data_processed_coraal/wav/PRV_se0_ag1_m_01_1_part_63.wav,/juice/scr/cpajot/data_processed_coraal/txt/PRV_se0_ag1_m_01_1_part_63.txt,MM HM NOW SEE WE WERE WE WERE SPECIAL KIDS WE ALWAYS HAD LIKE ONE STEP ABOVE WHAT EVERYBODY ELSE HAD BECAUSE OTHER PEOPLE WOULD RIDE BIKES WE HAD SCOOTERS AND THEN UNCLE HAD THE SCOOTER THAT HE USED TO TAKE US RIDING ON WHILE EVERYBODY ELSE WAS RIDING BIKES HE WAS ON HIS SCOOTER AND HE HAD AT LEAST ONE OR TWO OF US ON THE BACK OF IT,1,"Mm-hm. Now see we were- we were special kids. We always had like, one step above what everybody else had because other people would ride bikes. We had scooters and then Uncle /RD-NAME-2/ had the scooter that he used to take us riding on while everybody else was riding bikes, he was on his scooter and he had at least one or two of us on the back of it.",19.198
/juice/scr/cpajot/data_processed_coraal/wav/PRV_se0_ag3_f_03_1_part_122.wav,/juice/scr/cpajot/data_processed_coraal/txt/PRV_se0_ag3_f_03_1_part_122.txt,YES JUST PAT HIM ON THE SHOULDER SAY HOW YOU FEEL TODAY I'M GLAD YOU'RE DOING ALRIGHT YOU KEEP DOING GOOD AND KEEP GETTING UP,1,"Yes, just pat him on the shoulder, say how you feel today? I'm glad you're doing alright. You keep doing good and keep getting up.",6.525
/juice/scr/cpajot/data_processed_coraal/wav/ROC_se0_ag3_f_02_3_part_13.wav,/juice/scr/cpajot/data_processed_coraal/txt/ROC_se0_ag3_f_02_3_part_13.txt,HE SAID UM WHAT DID HE SAY OH HE SAID HE TOLD HIS YOUNGER SON HE SAID I TOLD ABOUT YOU AND I GAVE HIM YOUR INFORMATION SO HE CAN CONTACT YOU AND I SAID OH OKAY SO HE SAID,1,"he said, um, <ts> What did he say? Oh. He said, he told /RD-NAME-2/, his younger son, he said, I told /RD-NAME-2/ about you and I gave him your information, so he can contact you. <ts> And I said Oh, okay. So, he said /RD-NAME-2/",20.848000000000006
/juice/scr/cpajot/data_processed_coraal/wav/PRV_se0_ag2_f_01_1_part_5.wav,/juice/scr/cpajot/data_processed_coraal/txt/PRV_se0_ag2_f_01_1_part_5.txt,I S PLAYED SPORTS UM VISIT FRIENDS YOU KNOW HOUSE TO HOUSE WHATNOT OTHER THAN THAT IT WONT REALLY VERY MUCH TO DO WE NEVER HAD A GYM OR ANYTHING,1,"I s- played sports um, visit friends. You know, house to house, whatnot. Other than that it wont really very much to do. We never had a gym or anything,",8.038
/juice/scr/cpajot/data_processed_coraal/wav/DCB_se1_ag4_f_01_2_part_85.wav,/juice/scr/cpajot/data_processed_coraal/txt/DCB_se1_ag4_f_01_2_part_85.txt,WASN'T THAT TODAY IT DONE GOT WORSE HALF OF THESE KIDS WE CAN'T TALK TO AND I DON'T THINK I REALLY DON'T THINK IT HAVE CHANGED NOT AT ALL THE BUT IT IT THROUGH THROUGH A LOT OF THESE BAD KIDS IT'S IT'S SOME GOOD KIDS MIXED IN 'EM,1,"Wasn't that. Today, it done got worse. Half of these kids we can't talk to. And I don't think- I really don't think it have changed. Not at all. The- But it- it- Through- through a lot of these bad kids it's- it's some good kids mixed in 'em.",18.818
/juice/scr/cpajot/data_processed_coraal/wav/DCB_se3_ag4_f_01_1_part_88.wav,/juice/scr/cpajot/data_processed_coraal/txt/DCB_se3_ag4_f_01_1_part_88.txt,THAT THAT'S ALL AND I I WASN'T HAPPY CAUSE ALL MY FRIENDS WERE GOING TO THE JUNIOR HIGH SCHOOL SO ONCE AGAIN I'M FEELING DIFFERENT AND NOW I HAVE TO GO TO CATHOLIC SCHOOL NOW I HAVE TO GO TO A,1,"[/that that's all-/] And [I-] I wasn't happy cause all my friends were going to the junior high school. So once again, I'm feeling different and, now I have to go to Catholic school. Now I have to go to a [/inaudible/.]",12.463
