/juice/scr/cpajot/data_processed_voc/wav/voc_24_part_202.wav,/juice/scr/cpajot/data_processed_voc/txt/voc_24_part_202.txt,ONE OF THE THINGS WE DID WHICH I WAS REALLY THANKFUL FOR CAUSE I HAD ALWAYS WANTED TO DO IT WAS THAT WE WENT TO THE WINCHESTER MYSTERY HOUSE,0,one of the things we did which I was really thankful for cuz I had always wanted to do it was that we went to the Winchester Mystery House,6.313
/juice/scr/cpajot/data_processed_voc/wav/voc_18_part_159.wav,/juice/scr/cpajot/data_processed_voc/txt/voc_18_part_159.txt,YEAH SHE GA SHE HAD THAT FOR YEARS AND HERE ABOUT A MONTH AGO I WAS UP AT HER HOUSE AND IT WAS SITTING ON THE FLOOR AND I SAID OH WHY AIN'T YOU GOT YOUR PICTURE HUNG AND SHE GOES WELL SINCE WE MOVED HERE SHE SAID DO YOU WANT THAT PICTURE AND I GO YEAH,0,"yeah she ga- she had that for years and here about a month ago I was up at her house and it was sitting on the floor and I said ""oh why ain't you got your picture hung"" and she goes ""well since we moved here"" she said ""do you want that picture"" and I go ""yeah""",16.278
/juice/scr/cpajot/data_processed_voc/wav/voc_6_part_170.wav,/juice/scr/cpajot/data_processed_voc/txt/voc_6_part_170.txt,AND SANTA BARBARA NOT SO MUCH BUT YOU COULD GET THAT IN THE HEALTH PLANS OKAY I BELONG TO TO PURSE CARES PURSE HEALTH PLAN OKAY THEY HAVE A DIFFERENT COST IF YOU SIGN UP FOR A PLAN THAT SERVES LOS ANGELES,0,and Santa Barbara not so much but you could get that in the health plans. Okay I belong to -- to Purse Cares Purse Health Plan okay. They have a different cost if you sign up for a plan that serves Los Angeles,20.679000000000002
/juice/scr/cpajot/data_processed_voc/wav/voc_14_part_22.wav,/juice/scr/cpajot/data_processed_voc/txt/voc_14_part_22.txt,I'M NOT A VERY EMOTIONAL PERSON I MEAN I'M VERY SENTIMENTAL BUT I'M NOT EMOTIONAL I DON'T CRY A LOT AND I JUST REMEMBER SITTING IN MY ROOM CRYING LIKE THINKING OH MY GOD THAT COULD'VE BEEN ME CAUSE I REMEMBER I THOSE EXACT THOUGHTS AND LIKE THANK GOD I NEVER HURT MYSELF OR I WAS TOO COWARD TOO YOU KNOW AND UM SO I THINK THAT'S AND KIND OF IT WASN'T REALLY LIKE A PROGRESSION OF,0,I'm not a very emotional person I mean I'm very sentimental but I'm not emotional I don't cry a lot and I just remember sitting in my room crying like thinking oh my god that could've been me cuz I remember i- those exact thoughts and like thank god I never hurt myself or I was too coward too you know and um so I think that's and kind of it wasn't really like a progression of,22.191999999999997
/juice/scr/cpajot/data_processed_voc/wav/voc_24_part_103.wav,/juice/scr/cpajot/data_processed_voc/txt/voc_24_part_103.txt,AND IT WASN'T NECESSARILY SO MUCH EDUCAITONAL LIFE IT WAS I DON'T KNOW CAMPUS LIFE VIBE WHATEVER UM I THOUGHT ABOUT UM SAN JOSE STATE BECAUSE IT'S WHERE BOTH OF MY PARENTS WENT,0,and it wasn't necessarily so much educaitonal life it was I don't know campus life vibe whatever um I thought about um San Jose State because it's where both of my parents went,17.175
/juice/scr/cpajot/data_processed_voc/wav/voc_0_part_171.wav,/juice/scr/cpajot/data_processed_voc/txt/voc_0_part_171.txt,TWO PERSONS COULDN'T YOU KNOW IF IF YOU GET A WHOLE BUNCH OF PEOPLE TOGETHER THEY'RE GOING TO GET WHAT THEY WANT SO THAT'S WHAT THEY DID THEY BUILT THIS MALL DOWNTOWN AND IT NEVER DID WORK,0,two persons couldn't you know if if you get a whole bunch of people together they're going to get what they want so that's what they did. They built this mall downtown. And it never did work,13.762
/juice/scr/cpajot/data_processed_voc/wav/voc_35_part_23.wav,/juice/scr/cpajot/data_processed_voc/txt/voc_35_part_23.txt,UM BUT JAN WAS PRETTY CONVINCING AND AND I AND I LIKE THE GROUP IT'S JUST A FUN GROUP OF PEOPLE TO BE WITH AND SO THEY'RE UH NURTURING AND CARING AND UM THEY LIKE INSTRUCT YOU KNOW IT'S NOT A NEGATIVE ENVIRONMENT TO BE IN,0,um but Jan was pretty convincing and -- and I -- and I like the group. It's just a fun group of people to be with and so They're uh nurturing and caring and um they like instruct you know it's not a negative environment to be in.,20.763
/juice/scr/cpajot/data_processed_voc/wav/voc_14_part_59.wav,/juice/scr/cpajot/data_processed_voc/txt/voc_14_part_59.txt,YEAH WE UH IT'S THERE'S A GAP YOU KNOW JOE'S TWENTY SEVEN I'M TWENTY FOUR MICKEY'S TWENTY EMILY'S F FOURTEEN UM SO THERE'S THOSE LITTLE GAPS LIKE ME AND JOE I DON'T KNOW WE'RE WE'RE CLOSE IN DIFFERENT WAYS I WOULD SAY UM MY ME AND MY OLDER BROTHER ARE CLOSER I GUESS INTELLECTUALLY UM,0,yeah we uh it's there's a gap you know Joe's twenty seven I'm twenty four Mickey's twenty Emily's f- fourteen um so there's those little gaps like me and Joe I don't know we're we're close in different ways I would say um my me and my older brother are closer I guess intellectually um,24.912
/juice/scr/cpajot/data_processed_voc/wav/voc_34_part_319.wav,/juice/scr/cpajot/data_processed_voc/txt/voc_34_part_319.txt,BE CHRISTIE IS HE HE OR UH THE POLITICI POLITICIAN YEAH OH GOVERNOR I W COULDN'T REMEMBER WHAT HE WAS MAYOR OR WHAT HE WAS BUT THAT'S WHERE H YEAH YOU GUYS HAD SOME BIG STORMS THERE,0,"(( )) be Christie, is he {BR} he or uh the politici- +politician Yeah -- Oh, governor, I w- -- couldn't remember what he was, mayor, or what he was. But that's {BR} where h- Yeah, you guys had some big storms there.",13.709000000000001
/juice/scr/cpajot/data_processed_voc/wav/voc_2_part_98.wav,/juice/scr/cpajot/data_processed_voc/txt/voc_2_part_98.txt,I'M J JUST I'M JUST EASY TO TALK TO AND UM I MEAN IT'S WORKED OUT FOR ME UM I FEEL LIKE EVERY TIME I'VE TRIED TO LIE OR BE S YOU KNOW TRY TO BE SOMETHING THAT I'M NOT I FEEL LIKE THAT'S WHEN THINGS LIKE DIDN'T WORK OUT AND WEREN'T GOOD YOU KNOW SO,0,I'm j- +just I'm just easy to talk to and um I mean it's worked out for me. Um  I feel like every time I've tried to lie or be s- +(()) you know try to be something that I'm not I feel like that's when things like didn't work out and weren't good you know so,20.088
/juice/scr/cpajot/data_processed_voc/wav/voc_13_part_212.wav,/juice/scr/cpajot/data_processed_voc/txt/voc_13_part_212.txt,IN THE MIDDLE THERE UM OH GOSH I WOULD PUT THESE ALL TOGETHER I DON'T REALLY KNOW HOW ACCURATE THAT IS YOU PROBABLY HAVE A BETTER IDEA THAN I DO,0,in the middle there  um  [click]  oh gosh I would put   these all together I don't really know how accurate that is you probably have a better idea than I do,22.185
/juice/scr/cpajot/data_processed_voc/wav/voc_10_part_160.wav,/juice/scr/cpajot/data_processed_voc/txt/voc_10_part_160.txt,BECAUSE I FIGURE IF THEY'RE HERE THEY SHOULD BE LEARNING OUT LANGUAGE,0,because I figure if they're here they should be learning out language,5.599
/juice/scr/cpajot/data_processed_voc/wav/voc_34_part_57.wav,/juice/scr/cpajot/data_processed_voc/txt/voc_34_part_57.txt,NO NOT REALLY UH THERE WAS UH NO OPPORTUNITY IT WASN'T I I W FOR SOME REASON THERE WAS NOT THE OPPORTUNITIES PROBABLY I I I DID WORK FOR A WHILE AT A INSURANCE COMPANY A,0,"{BR} No Not really, uh There was, uh no opportunity -- {BR} it wasn't i- -- i- w- for some reason there was not the opportunities, probably -- {BR} I- +I I did work {BR} for a while at a insurance company. {BR} A-",15.040999999999999
/juice/scr/cpajot/data_processed_voc/wav/voc_36_part_130.wav,/juice/scr/cpajot/data_processed_voc/txt/voc_36_part_130.txt,SURE YEAH AND I'VE GOT ABOUT TEN MORE MINUTES BY THE WAY BEFORE I HAVE TO GO I HOPE THAT'S GOING TO WORK OKAY I DON'T KNOW HOW OKAY IS THAT GOING TO BE OKAY FOR YOU OKAY,0,"Sure, yeah, and I've got about ten more minutes, by the way, before I have to go. I hope that's going to work okay -- I don't know how -- okay. Is that going to be okay for you? Okay.",7.252999999999999
/juice/scr/cpajot/data_processed_voc/wav/voc_10_part_103.wav,/juice/scr/cpajot/data_processed_voc/txt/voc_10_part_103.txt,WELL I DON'T REMEMBER YOU YEAH,0,well I don't remember you [laughter] yeah,5.561
/juice/scr/cpajot/data_processed_voc/wav/voc_24_part_213.wav,/juice/scr/cpajot/data_processed_voc/txt/voc_24_part_213.txt,AND THEN LAS VEGAS WE ACTUALLY WENT UM FOR ABOUT FOUR DAYS OH WOW THE TWO OF US IT WAS LIKE A GIRLS GET AWAY AND IT WAS WONDERFUL WE WENT I WAS AWAKE MORE THAN I THOUGHT IT WAS POSSIBLE FOR ME TO BE AWAKE BASICALLY WE GOT UP,0,and then Las Vegas we actually went um for about four days Oh. Wow. the two of us. It was like a girls get away. and it was wonderful. We went I was awake more than I thought it was possible for me to be awake [laughter]. basically we got up,21.01
/juice/scr/cpajot/data_processed_voc/wav/voc_6_part_172.wav,/juice/scr/cpajot/data_processed_voc/txt/voc_6_part_172.txt,FILIPINOS IN THEM AND UH LOT OF THE DOCTORS NOW COME FROM INDIA,0,Filipinos in them and uh lot of the doctors now come from India.,5.621
/juice/scr/cpajot/data_processed_voc/wav/voc_18_part_502.wav,/juice/scr/cpajot/data_processed_voc/txt/voc_18_part_502.txt,WELL MY DAD'S ONLY SISTER MARRIED WILLIS STONE OKAY WILLIS STONE'S DAD'S NAME WAS BUD STONE THEY'RE ALL IN THE MANTON CEMETERY EVERY ONE OF THESE NAMES I'M TELLING YOU ALTA STONE'S THERE UM ALL THE GRAHAMS ARE IN THERE DICK GRAHAM DICK GRAHAM I GOT TO MEET HIM BEFORE HE PASSED AWAY,0,well my dad's only sister married Willis Stone okay Willis Stone's dad's name was Bud Stone they're all in the Manton Cemetery every one of these names I'm telling you Alta Stone's there um all the Grahams are in there Dick Graham Dick Graham I got to meet him before he passed away,22.898000000000003
/juice/scr/cpajot/data_processed_voc/wav/voc_16_part_264.wav,/juice/scr/cpajot/data_processed_voc/txt/voc_16_part_264.txt,BUT UH MERCED AND FRESNO I'M JUST NOT FAMILIAR WITH THOSE AT ALL LAKE TAHOE A LITTLE BIT AND AS FAR AS REDDING AND CHI CHICO IT'S WELL IT'S A NICE PLACE TO TAKE A DRIVE UP THIS THIS HIGHWAY HERE IT'S A NICE HIGHWAY AND UH,0,"But uh, Merced and Fresno, I'm just not familiar with those at all. Lake tahoe, a little bit. And as far as Redding and Chi- Chico, it's well it's a nice place to take a drive up this this highway here. It's a nice highway. And uh,",17.463
/juice/scr/cpajot/data_processed_voc/wav/voc_18_part_473.wav,/juice/scr/cpajot/data_processed_voc/txt/voc_18_part_473.txt,WHEN I STARTED TO WORK THERE THE FIRST WEEK I WAS WORKING THERE I HAD A SUPERVISOR HIS NAME WAS RALPH GOODMAN AND HE WAS A TALL GUY WELL MY JOB WAS DELIVERY BUT WHAT THEY WANTED ME TO DO WAS AT THE END OF EACH DAY AFTER I PUT THE VAN BACK OVER IN THE PARKING LOT AND BRING THE KEY IN,0,when I started to work there the first week I was working there I had a supervisor his name was Ralph Goodman and he was a tall guy well my job was delivery but what they wanted me to do was at the end of each day after I put the van back over in the parking lot and bring the key in,21.006999999999998
/juice/scr/cpajot/data_processed_voc/wav/voc_8_part_45.wav,/juice/scr/cpajot/data_processed_voc/txt/voc_8_part_45.txt,I'M HER YOUNGER BIG BROTHER SO UM BUT BARBARA'S FAMILY BEING JEWISH AND WITHIN THE THE FAITH AND TEMPLE LIFE AND THE RELIGIOUS SCHOOL AND SUCH COMING UP HAS A RES REGARD FOR HEBREW AND THEN,0,"-- I'm her younger big brother. {LG} So, um. But, Barbara's family, being Jewish and within the -- the faith and temple life and the religious school and such, coming up has a res -- regard for Hebrew. And then",20.488000000000003
/juice/scr/cpajot/data_processed_voc/wav/voc_28_part_333.wav,/juice/scr/cpajot/data_processed_voc/txt/voc_28_part_333.txt,AND THEY'D THEY'D GO DOWN IN THAT GO DOWN THAT PIPE UM SEE WHERE W WHERE WAS IT OH OVER AT THE POWER PLANT THERE AT HYAMPOM THEY A GUY WENT DOWN THROUGH TH CLEAR DOWN THROUGH THAT PIPE AND,0,and they'd they'd go down in that go down that pipe um see where w- where was it oh over at the power plant there at Hyampom they [inaudible] a guy went down through th- clear down through that pipe and,20.729
/juice/scr/cpajot/data_processed_voc/wav/voc_11_part_36.wav,/juice/scr/cpajot/data_processed_voc/txt/voc_11_part_36.txt,YEAH YEAH THIS I'M A LANDSCAPE ARCHITECT AND I'M I ACTUALLY USED TO WORK HERE BUT I NOW SUBLET FROM THESE GUYS AND I HAVE MY OWN FIRM SO I'M A LANDSCAPE ARCHITECT,0,"Yeah, yeah. This I'm a landscape architect. And I'm I actually used to work here but I now sublet from these guys and I have my own firm, so I'm a landscape architect.",10.657
/juice/scr/cpajot/data_processed_voc/wav/voc_25_part_33.wav,/juice/scr/cpajot/data_processed_voc/txt/voc_25_part_33.txt,TELEVISION I DIDN'T EVEN HAVE TELEVISION WE HAD RADIO THAT WAS IT SO YOU HAD TO IMAGINE WHAT WAS GOING ON WHICH IS NOT ALL BAD YOU KNOW UM SOMETIMES I THINK THAT UH TECHNOLOGY GETS IN THE WAY OF SOCIALIZING I FIND THAT SOMETIMES WHEN I'M TRYING TO COMMUNICATE WITH PEOPLE,0,Television -- I didn't even have television. We had radio. That was it. So you had to imagine what was going on which is not all bad you know. Um sometimes I think that uh -- technology gets in the way of socializing. I find that sometimes when I'm trying to communicate with people,21.081999999999997
/juice/scr/cpajot/data_processed_voc/wav/voc_21_part_86.wav,/juice/scr/cpajot/data_processed_voc/txt/voc_21_part_86.txt,AND THEN WHEN OUR THIRD HIGH SCHOOL OPENED CITRUS VALLEY IT TOOK ALL THOSE EAST HIGHLANDS KIDS FROM THE SECOND HIGH SCHOOL SO THAT REALLY DID KINDA CHANGE THE DEMOGRAPHICS A LOT SO YOU KNOW WE W FOR AT ONE POINT REDLANDS EAST VALLEY HAD ALL THESE EAST HIGHLANDS KIDS AND THEN WE DIDN'T AND I THINK THAT REALLY KINDA SHOWED IN LOST A LOT OF TALENTED KIDS WITH THAT I THINK UM,0,{BR} and then when our third high school opened Citrus Valley it took all those East Highlands kids from the second high school so that really did kinda change the demographics a lot {BR} So you know we w- -- for at one point Redlands East Valley had all these East Highlands kids and then we didn't and I think that {BR} really kinda showed in lost a lot of talented kids with that I think {BR} um,25.518
/juice/scr/cpajot/data_processed_voc/wav/voc_24_part_150.wav,/juice/scr/cpajot/data_processed_voc/txt/voc_24_part_150.txt,A NEW AREA OF CALIFORNIA I'VE GONE TO WHICH I ABSOLUTELY AND IF I WASN'T STUCK HERE BY A COURT ORDER REGARDING MY CHILDREN I WOULD MOVE IN A HEART BEAT IS UH DOWNTOWN NAPPA VALLEY AREA MY DAUGHTER AND I WENT UM WHEN I WAS ON SPRING BREAK THIS LAST YEAR UM TO BODEGA BAY SOME PLACE I HAD ALWAYS WANTED TO GO TO I THINK PARTLY BECAUSE OF YOU KNOW THE HISTORY OF THE BIRDS OR WHATEVER AND I WANTED TO SEE SOME OF THE STUFF,0,a new area of California I've gone to which I absolutely and if I wasn't stuck here by a court order regarding my children I would move in a heart beat is uh downtown Nappa Valley area my daughter and I went um when I was on spring break this last year um to Bodega Bay some place I had always wanted to go to. I think partly because of you know the history of The Birds or whatever and I wanted to see some of the stuff,25.59
/juice/scr/cpajot/data_processed_voc/wav/voc_24_part_113.wav,/juice/scr/cpajot/data_processed_voc/txt/voc_24_part_113.txt,I MEAN BOTH MY MOM AND I HAVE SAID THAT IF WE WON THE LOTTERY THAT YOU KNOW IF IT WAS A DECENT AMOUNT THAT YOU KNOW WE'D KINDA SET FAMILY MEMBERS UP AND THINGS LIKE THAT,0,I mean both my mom and I have said that if we won the lottery that you know if it was a decent amount that you know we'd kinda set family members up and things like that,13.158
/juice/scr/cpajot/data_processed_voc/wav/voc_8_part_18.wav,/juice/scr/cpajot/data_processed_voc/txt/voc_8_part_18.txt,ALL OF THAT NORMAL FARM FARM STOCK THAT'S ALSO S IT'S OWN ECONOMIC STOCK WITHIN THAT,0,-- all of that normal farm -- farm stock that's also s -- it's own economic stock within that.,5.747999999999999
/juice/scr/cpajot/data_processed_voc/wav/voc_7_part_176.wav,/juice/scr/cpajot/data_processed_voc/txt/voc_7_part_176.txt,AND WHEN I GET A BAD REVIEW THEY GET IT RIGHT EVERY TIME I'M JUST KIDDING I DON'T THINK I'VE REALLY BAD WELL YEAH I DID ONCE MM THAT WAS AS A DIRECTOR NOT AN ACTOR,0,and when I get a bad review they get it right every time {LG} I'm just kidding I don't think I've really bad -- well yeah I did once. Mm that was as a director not an actor. {LG},11.954
/juice/scr/cpajot/data_processed_voc/wav/voc_31_part_13.wav,/juice/scr/cpajot/data_processed_voc/txt/voc_31_part_13.txt,NO AT JUST A I JUST AT HOME I WRITE LIVED AT HOME THEN 'CAUSE MY DAD HAD DIED MY DAD DIED WHEN I WAS IN THE EIGHT RIGHT AT THE END OF THE EIGHTH GRADE YEAR,0,No at just a I just at home I write lived at home then 'Cause my dad had died. My dad died when I was in the eight- --right at the end of the eighth grade year.,8.24
/juice/scr/cpajot/data_processed_voc/wav/voc_0_part_5.wav,/juice/scr/cpajot/data_processed_voc/txt/voc_0_part_5.txt,WELL LOLA A LITTLE UH PINE STREET SCHOOL THAT UH I WENT KINDERGARTEN THROUGH FOURTH GRADE AT MAGNOLIA,0,Well Lola A little uh Pine Street School that uh I went kindergarten through fourth grade at Magnolia,11.91
/juice/scr/cpajot/data_processed_voc/wav/voc_18_part_363.wav,/juice/scr/cpajot/data_processed_voc/txt/voc_18_part_363.txt,AND TO EVER THINK THAT HE WAS ON HEROIN UH I MEAN THAT JUST AND I I I DI DOUG WAS YOU KNOW T TO SIT THERE THE LORD BLESSED ME TO HAVE THAT LAST CONVERSATION WITH HIM THAT EVENING AND THEN THE NEXT MORNING HE WAS GONE AND UH,0,and to ever think that he was on heroin uh I mean that just and i- I I di- Doug was you know t- to sit there the lord blessed me to have that last conversation with him that evening and then the next morning he was gone and uh,20.951999999999998
/juice/scr/cpajot/data_processed_voc/wav/voc_25_part_31.wav,/juice/scr/cpajot/data_processed_voc/txt/voc_25_part_31.txt,FOR GENERAL FAMILY LIFE FRANKLY I THINK IT SUCKS I'M GLAD THAT I GREW UP IN THE TIME THAT I DID I'M GLAD THAT I HAD A FULL TIME MOTHER AT HOME I'M GLAD THAT I WAS ABLE TO UH TO BE OUT ON MY OWN IN IN THE SACRAMENTO AREA NOT BE FEARFUL OF EVERYTHING I WAS GLAD I HAD FREE TIME AND WASN'T SCHEDULED FOR EVERY LITTLE,0,for general family life frankly I think it sucks. I'm glad that I grew up in the time that I did. I'm glad that I had a full time mother at home. I'm glad that I was able to uh -- to be out on my own in -- in the Sacramento area not be fearful of everything. I was glad I had free time and wasn't scheduled for every little,20.750999999999998
/juice/scr/cpajot/data_processed_voc/wav/voc_18_part_333.wav,/juice/scr/cpajot/data_processed_voc/txt/voc_18_part_333.txt,COULD TELL YOU WHERE ANY SCRIPTURE WAS IN THE BIBLE OH I MEAN SHE YOU WOULD JUST BE TALKING I DON'T KNOW MY MOM SHE WAS A CHRISTIAN AND SHE WOULD TELL YOU RIGHT WHEN THE BIBLE WHERE THAT WHAT WHAT THE LORD SAID AND OR PER ONE OF THE APOSTLES OR SOMETHING AND MY MOTHER KNEW HER BIBLE BUT WITNESSES THEY'LL START TELLING YOU SOMETHING,0,could tell you where any scripture was in the bible oh I mean she you would just be talking I don't know my mom she was a Christian and she would tell you right when the Bible where that what what the lord said and or -per one of the apostles or something and my mother knew her Bible but witnesses they'll start telling you something,21.366
/juice/scr/cpajot/data_processed_voc/wav/voc_7_part_304.wav,/juice/scr/cpajot/data_processed_voc/txt/voc_7_part_304.txt,I DON'T KNOW WE WERE IN A K OH A IT WAS REALLY SMALL AND WE WERE ON OUR WAY TO UH GETTYSBURG,0,I don't know we were in a K O A {LG} It was really small {LG} and we were on our way to uh Gettysburg.,7.6610000000000005
/juice/scr/cpajot/data_processed_voc/wav/voc_20_part_62.wav,/juice/scr/cpajot/data_processed_voc/txt/voc_20_part_62.txt,ALL WALKS OF LIFE IN THAT AREA IT JUST IT KIND OF DEPENDS ON WHERE YOU'RE AT,0,all walks of life in that area. It just -- it kind of depends on where you're at.,5.724
/juice/scr/cpajot/data_processed_voc/wav/voc_18_part_44.wav,/juice/scr/cpajot/data_processed_voc/txt/voc_18_part_44.txt,AND THEN THIS IS ME AS A LITTLE BOY THE NOW THIS WAS THIS IS MY SISTER CATHY WE HAD THE SAME MOTHER BUT MY MOTHER WAS MARRIED SHE WAS REAL YOUNG AND THE HER AND CATHY'S DAD WAS OLDER THAN MY MOTHER AND MY MOTHER WAS REAL YOUNG IT WAS THE FIRST TIME SHE WAS MARRIED,0,and then this is me as a little boy the- now this was this is my sister Cathy we had the same mother but my mother was married she was real young and the her and Cathy's dad was older than my mother and my mother was real young it was the first time she was married,18.027
/juice/scr/cpajot/data_processed_voc/wav/voc_36_part_121.wav,/juice/scr/cpajot/data_processed_voc/txt/voc_36_part_121.txt,YEAH HOW MANY OTHER CITIES WELL NEW ORLEANS APPARENTLY WE'RE ONE OF THE CITIES THAT'S MORE MOST LIKELY TO FLOOD YOU KNOW OR HAVE LEVY BREAKS LIKE NEW ORLEANS RIGHT SO THE THE ARMY CORPS OF ENGINEERS HAVE BEEN REALLY WORKING ON LEVERS LEVIES IN TERMS OF THE RIVERS AROUND HERE RIGHT BUT HOW MANY CITIES ARE ARE POISED AT THE THE THE V OF TWO MAJOR RIVERS,0,"yeah. How many other cities -- well, New Orleans, apparently, we're one of the cities that's more -- most likely to flood you know. Or have levy breaks like New Orleans, right? So -- the -- the Army Corps of Engineers have been really working on levers -- levies in terms of the rivers around here, right. But how many cities are -- are poised at the -- the -- the V of two major rivers?",20.953000000000003
/juice/scr/cpajot/data_processed_voc/wav/voc_26_part_82.wav,/juice/scr/cpajot/data_processed_voc/txt/voc_26_part_82.txt,TOUGH KIDS SO UH THIS IS TRUE STORY THE MY DAD SAYS WE'RE MOVING TO TOWN SON CAUSE IF WE DON'T YOU'RE GONNA END UP IN JAIL SO AS A JOKE JUST JOKINGLY AND SO I HAD TH MY BIG JOKE IS IS THAT JIM POPE THE GUY WHO WAS A SHERIFF HERE FOR UH EIGHTEEN YEARS,0,tough kids  so uh  [laughter] this is true story the my dad says we're moving to town son cuz if we don't you're gonna end up in jail  so as a joke just jokingly and so I had th- my big joke is is that Jim Pope the guy who was a sheriff here for uh eighteen years,21.703000000000003
/juice/scr/cpajot/data_processed_voc/wav/voc_4_part_53.wav,/juice/scr/cpajot/data_processed_voc/txt/voc_4_part_53.txt,IT WAS A PROGRAM FOR PEOPLE WHO HAD BEEN IN THE PEACE CORPS BEFORE BUT IT WAS NO LONGER THAN A YEAR SOME OF THE ASSIGNMENTS WERE THREE MONTHS FOUR MONTHS SIX MONTHS EIGHT WHATEVER AND NOW WHEN I GOT OUT I MEAN JUST SIX MONTHS LATER THEY HAVE A LOT OF PROGRAMS IN CASE YOU'RE INTERESTED FOR PEOPLE WHO WERE NOT PEACE CORPS VOLUNTEERS OPEN TO ALL NOT ALL OF THEM BUT SOME OF THEM,0,it was a program for people who had been in the Peace Corps before but it was no longer than a year. Some of the assignments were three months four months six months eight whatever and now when I got out I mean just six months later they have a lot of programs in case you're interested for people who were not Peace Corps volunteers open to all not all of them but some of them,22.212
/juice/scr/cpajot/data_processed_voc/wav/voc_6_part_116.wav,/juice/scr/cpajot/data_processed_voc/txt/voc_6_part_116.txt,SCRAMBLERS WAS WAS A GROUP SO IT WAS IT WAS A IT WAS A GOOD TIME TO BE LIVING,0,scramblers was -- was a group  so it was -- it was a it was a good time to be living,10.92
/juice/scr/cpajot/data_processed_voc/wav/voc_11_part_41.wav,/juice/scr/cpajot/data_processed_voc/txt/voc_11_part_41.txt,AND THEN ALL THE REST I GUESS WELL NO THESE ARE THESE ARE DIFFERENT THAN THAT AND THERE'S ALL THIS YOU KNOW WHICH IS ALL ONE DIFFERENT THING HERE TOO SO,0,"And then all the rest, I guess. Well no, these are these are different than that. And there's all this, you know, which is all one different thing here too, so.",9.726
/juice/scr/cpajot/data_processed_voc/wav/voc_33_part_115.wav,/juice/scr/cpajot/data_processed_voc/txt/voc_33_part_115.txt,MOST OF MY FRIENDS ARE PROBABLY MORE LIBERAL WHAT ARE YOU DOING CHASING YOUR TAIL,0,Most of my friends are probably more liberal.  What are you doing chasing your tail? {LG}  {LG} ,22.37
/juice/scr/cpajot/data_processed_voc/wav/voc_26_part_177.wav,/juice/scr/cpajot/data_processed_voc/txt/voc_26_part_177.txt,GO TO BED WITH A STOMACH ACHE EVERY NIGHT IT WAS BETTER I HAD I HAD PLENTY OF MONEY YOU KNOW I HAD RENTALS I HAD A NICE INCOME I I HA NO I DON'T HAVE PLENTY OF MONEY I I MY LIFESTYLE IS GEARED TO RIGHT HERE I'M NOT GEARED TO LIVING IN SAN FRANCISCO AND PAYING TWO GRAND A MONTH YOU KNOW MY HOUSE IS PAID FOR THAT TRUCK OUT THERE IS PAID FOR,0,go to bed with a stomach ache every night it was better I had I had plenty of money  you know I had rentals I had a nice income I I ha- no- I don't have plenty of money I I my lifestyle is geared to right here  I'm not geared to living in San Francisco and paying two grand a month you know my house is paid for that truck out there is paid for,23.031999999999996
/juice/scr/cpajot/data_processed_voc/wav/voc_32_part_161.wav,/juice/scr/cpajot/data_processed_voc/txt/voc_32_part_161.txt,AND I'M SURE A LOT OF THEM I I I HAVE I DON'T KNOW IF IT'S TRUE BUT I HAVE THE CONS THERE I I I THINK THAT SMALL TOWNS KIND OF STICK TOGETHER YOU KNOW AND UH DON'T REALLY GO TOO FAR AND UH I WOULD IMAGINE THAT'S HOW IT IS UP THAT WAY,0,"And I'm sure a lot of them -- I -- I -- I have -- I don't know if it's true, but I have the cons- there I -- I I think that small towns kind of stick together, you know And uh don't really go too far And uh, I would imagine that's how it is up that way",15.6
/juice/scr/cpajot/data_processed_voc/wav/voc_28_part_255.wav,/juice/scr/cpajot/data_processed_voc/txt/voc_28_part_255.txt,AND THEN DURING THE SECOND WORLD WAR I GOT A I GOT A A THING THAT UH A GUY WROTE UP AND THEN UH I I G I I G I THINK HE TOOK IT FROM HIS FATHER'S HIS FATHER'S UH UM,0,and then during the Second World War I got a I got a a thing that uh a guy wrote up and then uh I- I g- I I g- I think he took it from his father's his father's uh um,20.132
/juice/scr/cpajot/data_processed_voc/wav/voc_35_part_115.wav,/juice/scr/cpajot/data_processed_voc/txt/voc_35_part_115.txt,LIKED IT BUT WASN'T UH ALL THAT INTO IT AND THEN WE DECIDED YOU KNOW WHAT WHY DON'T YOU WORK ON GETTING YOUR DEGREE CAUSE HE HADN'T GOTTEN A DEGREE HE'D BEEN TO COLLEGE LIKE FOR THE LAST FIFTEEN YEARS BUT HE HE HADN'T GOTTEN A DEGREE AND SO SO I'LL JUST GET A DEGREE STAY HOME WITH THE THE KID GET A DEGREE I'LL WORK THAT WAS WHY I NEEDED A JOB THAT COULD SUPPORT THE WHOLE FAMILY,0,Liked it but wasn't uh all that into it and then we decided you know what? Why don't you work on getting your degree cuz he hadn't gotten a degree. He'd been to college like for the last fifteen years but he {LG} - he hadn't gotten a degree and so -- so I'll just get a degree stay home with the -- the kid get a degree I'll work -- that was why I needed a job that could support the whole family,22.758000000000003
/juice/scr/cpajot/data_processed_voc/wav/voc_6_part_50.wav,/juice/scr/cpajot/data_processed_voc/txt/voc_6_part_50.txt,SHE DECIDED NOT TO COME BACK OTHERS CAME BACK AND SOME OF 'EM RE RETURNED RETURNED TO RANCHING AND OTHERS BY THAT TIME THEIR KIDS WERE MY AGE AND THEY TOOK JOBS IN IN FOR THE STATE OR ALL ALL KINDS OF DIFFERENT JOBS,0,she decided not to come back. Others came back and some of 'em re- +returned returned to ranching and others by that time their kids were my age and they took jobs in -- in -- for the state or all - all kinds of different jobs.,21.149
/juice/scr/cpajot/data_processed_voc/wav/voc_32_part_49.wav,/juice/scr/cpajot/data_processed_voc/txt/voc_32_part_49.txt,EVERY YEAR IT'S GOT A LITTLE LESS EXCITING AND I'VE DONE A LITTLE LESS TO CELEBRATE BUT YEAH IT WAS ALWAYS FUN AS A KID,0,"every year it's got a little less exciting, and I've done a little less to celebrate but yeah, it was always fun as a kid",5.92
/juice/scr/cpajot/data_processed_voc/wav/voc_29_part_131.wav,/juice/scr/cpajot/data_processed_voc/txt/voc_29_part_131.txt,YEAH THERE'S I HAVE FRIEND WHO LIKE SOME OF MY GOOD FRIEND ARE THEY KNOW WHAT I WANNA DO FOR A LIVING THINGS LIKE THAT AND UH THEY'RE I DON'T HAVE A LOT OF FRIENDS THAT ARE OTHER PHOTOGRAPHERS I HAVE A FEW FRIENDS THAT ARE WRITERS BUT UH NOT LIKE THE SAME TYPE OF WRITING,0,Yeah there's -- I have friend who like some of my good friend are -- they know what I wanna do for a living -- things like that and uh they're -- I don't have a lot of friends that are other photographers. I have a few friends that are writers but uh not like the same type of writing,15.388
/juice/scr/cpajot/data_processed_voc/wav/voc_0_part_59.wav,/juice/scr/cpajot/data_processed_voc/txt/voc_0_part_59.txt,UH IT WAS JUST I COULDN'T BELIEVE HOW FAST IT WAS IT WAS GROWING AND IT'S I IT'S STILL GROWING TO THIS DAY BUT TO ME I'M GONNA LET IT GROW AND I'LL JUST GO ALONG WITH THE WITH THE TRADE AND UH AND HAVE THAT BUT THERE'S ANOTHER OLD PLACE THAT UH THAT WE USED GO AND THEN,0,uh it was just I couldn't believe how fast it was it was growing. And it's i- it's still growing to this day but to me I'm gonna let it grow and I'll just go along with the with the trade and uh and have that but there's another old place that uh that we used go and then,20.169
/juice/scr/cpajot/data_processed_voc/wav/voc_16_part_130.wav,/juice/scr/cpajot/data_processed_voc/txt/voc_16_part_130.txt,I DON'T KNOW I I I'VE REA I'VE NEVER EVER THOUGHT ABOUT THAT THAT WOULD BE HARD IT WOULD BE BECAUSE EVERYTHING'S HERE I MEAN PRETTY MUCH YOU KNOW I GREW UP UM,0,"I don't know. I I I've rea- I've never ever thought about that. That would be hard. It would be. Because everything's here. I mean, pretty much, you know, I grew up um",10.033999999999999
/juice/scr/cpajot/data_processed_voc/wav/voc_34_part_261.wav,/juice/scr/cpajot/data_processed_voc/txt/voc_34_part_261.txt,BUT UH TH P THE FACT IS THAT THEY'RE OVER I THEY'RE ONE NATIONALITY IS OVERWHELMINGLY THE POPULATION HE HERE HERE'S AN EXAMPLE MY GRANDDAUGHTER,0,"But, uh th- -- p- -- the fact is that {BR} (( )) they're over (( )) -- i- -- they're one nationality is overwhelmingly {BR} the population. {BR} (( )) He- +Here -- Here's an example. {BR} My granddaughter",13.637
/juice/scr/cpajot/data_processed_voc/wav/voc_1_part_164.wav,/juice/scr/cpajot/data_processed_voc/txt/voc_1_part_164.txt,YES I BELIEVE VERY I BELIEVE BAKERSFIELD IS A VERY RELIGIOUS AND MIDDLE OF THE ROAD TO CONSERVATIVE CITY FOR THE MOST PART YOU'RE GOING TO GET MIDDLE OF THE ROAD TO CONSERVATIVE THERE'S NOT A LOT OF LIBERAL THINKING,0,yes I believe very I believe Bakersfield is a very religious and ... middle of the road to conservative ... city ... for the most part you're going to get middle of the road ... to conservative ... there's not a lot of liberal thinking ...,20.053
/juice/scr/cpajot/data_processed_voc/wav/voc_24_part_61.wav,/juice/scr/cpajot/data_processed_voc/txt/voc_24_part_61.txt,YES YEAH WHICH WAS KINDA NEAT BECAUSE YOU KINDA GOT GREAT I ACTUALLY KNEW A LOT OF THE KIDS IN THE CLASS AHEAD OF ME AND THE CLASS BEHIND ME AND BUT AT THE SAME TIME IT WAS KINDA NEAT FRESHMAN TO JUST GO OFF BY YOURSELF AND YOU'RE MEETING ALL THESE KIDS FROM ALL THE OTHER AREAS,0,Yes. Yeah which was kinda neat because you kinda got great I actually knew a lot of the kids in the class ahead of me and the class behind me. and but at the same time it was kinda neat freshman to just go off by yourself and you're meeting all these kids from all the other areas,17.029
/juice/scr/cpajot/data_processed_voc/wav/voc_1_part_57.wav,/juice/scr/cpajot/data_processed_voc/txt/voc_1_part_57.txt,YOU KNOW WHAT WE SO FAR IT'S BEEN A MATTER OF FINDING THE NEEDLE IN A HAYSTACK WE STARTED WITH A HANDFUL OF FRIENDS THAT I KNEW THROUGH REMEMBER THE REGGAE BAND THAT I TOLD YOU ABOUT EARLIER MENTO BURU OKAY WHEN I WANTED TO BE A PUNK ROCK DRUMMER I WENT TO SCHOOL,0,you know what? we so far it's been a matter of finding the needle in a haystack we started with a handful of friends that I knew through remember the reggae band that I told you about earlier Mento Buru okay when I wanted to be a punk rock drummer ... I went to school,20.736
/juice/scr/cpajot/data_processed_voc/wav/voc_18_part_22.wav,/juice/scr/cpajot/data_processed_voc/txt/voc_18_part_22.txt,I WISH I HAD A PICTURE OF JUST MY DAD SO WHAT WE WAS ABLE TO DO IS THIS WOMAN,0,I wish I had a picture of just my dad so what we was able to do is this woman,8.044
/juice/scr/cpajot/data_processed_voc/wav/voc_30_part_15.wav,/juice/scr/cpajot/data_processed_voc/txt/voc_30_part_15.txt,TRAILERS TRAILERS MANSIONS TRAILERS TRAILERS MANSIONS SO,0,"trailers, trailers, mansions, trailers, trailers, mansions so",5.263
/juice/scr/cpajot/data_processed_voc/wav/voc_36_part_115.wav,/juice/scr/cpajot/data_processed_voc/txt/voc_36_part_115.txt,UM BEING FAIR TO PEOPLE AND YOU KNOW CALIFORNIA WAS THE LEADER OF THE SEATBELT LAW ALL CARS MUST HAVE SEATBELTS AND PEOPLE MUST WEAR SEATBELTS AND STUFF LIKE THAT SO YEAH I REMEMBER THAT VIVIDLY YEAH IS IT YEAH W 'CAUSE YOU'RE FROM TEXAS SO YOU HAVE YOU HAVE A,0,"um, being fair to people and you know. California was the leader of the seatbelt law. {LG} (( )) All cars must have seatbelts and people must wear seatbelts and stuff like that, so. Yeah, I remember that vividly. {LG} Yeah. Is it? Yeah, w -- 'cause you're from Texas, so you have -- you have a",18.113
/juice/scr/cpajot/data_processed_voc/wav/voc_30_part_88.wav,/juice/scr/cpajot/data_processed_voc/txt/voc_30_part_88.txt,AS FAR AS THE SCHOOLS UM THE AREAS THAT WE WERE LOOKING THERE THE SCHOOLS LOOK GOOD VERSUS THE COST OF LIVING WHERE MAYBE I COULD ACTUALLY STAY HOME OR MY EVEN MY HUSBAND COULD STAY HOME ONE OF US OR WORK LESS UM SO WE'VE LOOKED AROUND THERE WE LOOKED MAYBE,0,"as far as the schools um-- the areas that we were looking there the schools look good versus the cost of living where maybe I could actually stay home or my-- even my husband could stay home-- one of us, or work less. um so we've looked around there. We looked maybe",15.272
/juice/scr/cpajot/data_processed_voc/wav/voc_36_part_31.wav,/juice/scr/cpajot/data_processed_voc/txt/voc_36_part_31.txt,HE WAS THE FIRST PERSON TO TELL ME THAT I WAS I REALLY HAD POTENTIAL TO BE A PROFESSIONAL WRITER AND INDEED THAT'S WHAT I WENT ON TO DO UM HE ALSO FOR SOME REASON THAT'S COMPLETELY FOREIGN TO ME INSISTED THAT OUR EIGHTH GRADE GRADUATION I NEEDED TO PERFORM A SONG I NEEDED TO SING IN FRONT OF THE ENTIRE CLASS AND I SANG BLESS THE BEASTS AND THE CHILDREN WHICH WAS A POPULAR SONG AT THE TIME THAT UH THE CARPENTERS A BROTHER AND SISTER DUO HAD RECORDED SO I SANG BLESS THE BEASTS AND THE CHILDREN BADLY,0,"He was the first person to tell me that I was -- I really had potential to be a professional writer and indeed that's what I went on to do. Um, he also, for some reason that's completely foreign to me insisted that our eighth grade graduation I needed to perform a song. I needed to sing in front of the entire class. And I sang ""Bless the Beasts and the Children"" {LG} which was a popular song at the time that, uh, the Carpenters, a brother and sister duo, had recorded. So I sang ""Bless the Beasts and the Children"" badly",26.625999999999998
/juice/scr/cpajot/data_processed_voc/wav/voc_1_part_64.wav,/juice/scr/cpajot/data_processed_voc/txt/voc_1_part_64.txt,I WAS JUST TRYING TO FIND THE NEEDLE IN THE HAYSTACK TRYING TO FIND THESE PEOPLE AND STILL AM TRYING TO FIND THEM AND THEN IT SLOWLY HAS BEEN SPREADING FROM THERE THERE'S ONE GIRL IN PARTICULAR THAT WE GOT A HOLD OF WHO WAS VERY HEAVY INTO GOTH AND SHE JUST COULDN'T BELIEVE IT AND WHEN SHE SAW OUR FLYER,0,I was just trying to find the needle in the haystack trying to find these people ... and still am trying to find them ... and then it slowly has been spreading from there ... there's one girl in particular that we got a hold of ... who was very heavy into goth and she just couldn't believe it and when she saw our flyer,20.245
/juice/scr/cpajot/data_processed_voc/wav/voc_6_part_225.wav,/juice/scr/cpajot/data_processed_voc/txt/voc_6_part_225.txt,YEAH OKAY WE GOT A SPROUTS NOT TOO FAR FROM HERE AND I LIKE IT THEY THEY THEY HAVE SOME GOOD STUFF AND UH THEY'RE THEY'RE BEING UH BOTH RAELLY'S AND UH UH SAFEWAY ARE SORT OF IN A THEY THEY REALLY GOT A BUT RAELLY'S EVERY TIME YOU GO THERE YOU DON'T BUY ANYTHING THAT'S NOT ON SALE,0,Yeah Okay we got a Sprouts not too far from here and I like it. They -- they -- they have some good stuff and uh they're -- they're being uh both Raelly's and uh uh Safeway are sort of in a they -- they really got a but Raelly's every time you go there you don't buy anything that's not on sale.,23.358
/juice/scr/cpajot/data_processed_voc/wav/voc_11_part_65.wav,/juice/scr/cpajot/data_processed_voc/txt/voc_11_part_65.txt,I THINK THAT A LOT OF THE BIGGER CITIES OF CALIFORNIA KIND OF LU VIEW SACRAMENTO AS A BIT OF A BACKWATER AND MAYBE NOT AS SOPHISTICATED OR AS ACCOMPLISHED AS THEY MIGHT BE HOWEVER YOU KNOW THERE'S PARTS OF THE BAY AREA THAT ARE WORSE THAN SACRAMENTO LIKE THE EAST BAY AND SOUTH BAY A LOT OF THE UM PARTS OF LOS ANGELES THAT ARE WORSE THAN SACRAMENTO IN MANY REGARDS,0,"I think that a lot of the bigger {CG} cities of California kind of lu- view Sacramento as a bit of a backwater. And maybe not as sophisticated or as accomplished as they might be however you know, there's parts of the Bay Area that are worse than Sacramento. Like the East Bay, and South Bay, a lot of the um, parts of Los Angeles that are worse than Sacramento, in many regards.",25.093000000000004
/juice/scr/cpajot/data_processed_voc/wav/voc_7_part_111.wav,/juice/scr/cpajot/data_processed_voc/txt/voc_7_part_111.txt,SO YEAH YOU COULD SAY WE WERE CO DIRECTING BUT I WAS DOING THE DIRECTING AND UH THEN I GOT REALLY SICK IN TWENTY TEN ENDED UP IN A COMA FOR TWO WEEKS I GUESS AND IT'S A DIABETIC COMA,0,So yeah you could say we were co-directing but I was doing the directing and uh then I got really sick in two thousand ten. Ended up in a coma for two weeks I guess and it's a diabetic coma,17.976
/juice/scr/cpajot/data_processed_voc/wav/voc_6_part_228.wav,/juice/scr/cpajot/data_processed_voc/txt/voc_6_part_228.txt,YEAH BUT WHAT WHAT IT AMOUNTS TO THEY TRY AND AND EACH AREA THEY'RE IN YOU KNOW TO SPONSOR THINGS BUT THEY PUT THE THEIR MONEY IN IN INTO THINGS LIKE THE NEW MUSEUM A AND AND UH HE THE BALLET YOU SEE THAT THEY'RE AMONGST SOME MAJOR,0,{LG} Yeah but what -- what it amounts to they try and -- and each area they're in you know to sponsor things but they put the -- their money in -- in -- into things like the new museum a- +and and uh he -- the ballet you see that they're amongst some major,21.409000000000002
/juice/scr/cpajot/data_processed_voc/wav/voc_24_part_63.wav,/juice/scr/cpajot/data_processed_voc/txt/voc_24_part_63.txt,SO BUT I LIKED IT I I LIKED THE WAY IT WAS BROKEN UP IT KINDA IT GAVE YOU A NICE BREAK I MEAN LIKE MY SON NOW HIS SCHOOL HE STARTED AT KINDERGARTEN HE'LL BE THERE THROUGH EIGHTH GRADE AND THEN HE'LL GO TO HIGH SCHOOL,0,So but I liked it. I I liked the way it was broken up it kinda it gave you a nice break. I mean like my son now his school he started at Kindergarten he'll be there through eighth grade and then he'll go to high school,12.255999999999998
/juice/scr/cpajot/data_processed_voc/wav/voc_35_part_2.wav,/juice/scr/cpajot/data_processed_voc/txt/voc_35_part_2.txt,THAT'S KINDA FUNNY UH IT'S OBVIOUS THAT WE USE SLANG IN OUR HOUSEHOLD WELL I WAS A BANKER NOW I'M A HOMEMAKER,0,{LG} That's kinda funny. Uh it's obvious that we use slang in our household .  Well I was a banker.  Now I'm a homemaker ,20.609
/juice/scr/cpajot/data_processed_voc/wav/voc_38_part_107.wav,/juice/scr/cpajot/data_processed_voc/txt/voc_38_part_107.txt,I USED TO MAKE A LOT OF TRIPS MY GRANDMA USED TO LIVE IN A TOWN CALLED ALTURAS WHICH IS WAY NORTH OF CALIFORNIA AND IT'S NEAR THE OREGON BORDER AN' A LOT OF SMALL TOWNS UP THERE IT'S ALTURAS IT'S MODOC COUNTY,0,"I used to make a lot of trips -- my grandma used to live in a town called Alturas. Which is way north of California and it's near the Oregon border an' a lot of small towns up there -- it's Alturas, it's Modoc County.",13.202
/juice/scr/cpajot/data_processed_voc/wav/voc_32_part_199.wav,/juice/scr/cpajot/data_processed_voc/txt/voc_32_part_199.txt,I DON'T THINK SO BUT HE DOES WORK FOR HIM AND HE DOES MAKE HIMSELF A LOT OF MONEY SO UM A COUPLE OTHER FRIENDS HERE AND THERE UM I HAVE FRIENDS WHO ARE NOW DOCTORS WHICH MAKES ME FEEL HORRIBLE ABOUT WHAT I I KNOW CAUSE I'M I'M TWENTY FOUR AND I STILL HAVEN'T GRADUATED MY BACHELOR'S DEGREE AND LIKE SOME FRIENDS THAT GRADUATED A LITTLE BIT BEFORE ME UM ONE OF THEM ONE OF THEM'S MY AGE AND HE'S IN HIS INTERNSHIP,0,I don't think so but he does work for him and he does make himself a lot of money so Um a couple other friends here and there. Um I have friends who are now doctors which makes me feel horrible about what I -- I know cause I'm -- I'm twenty four and I still haven't graduated my bachelor's degree And like some friends that graduated a little bit before me um one of them -- one of them's my age and he's in his internship,22.05
/juice/scr/cpajot/data_processed_voc/wav/voc_24_part_140.wav,/juice/scr/cpajot/data_processed_voc/txt/voc_24_part_140.txt,IT WAS GOING DOWN THE CLIFFS AND IT WAS JUST LIKE WOW THAT'S THE HOUSE,0,it was going down the cliffs. And it was just like Wow that's the house. [laughter],7.075
/juice/scr/cpajot/data_processed_voc/wav/voc_18_part_233.wav,/juice/scr/cpajot/data_processed_voc/txt/voc_18_part_233.txt,WHEN I WAS AT UH WHEN I WAS IN PORT ANGELES WE WENT UP TO HURRICANE RIDGE AND AND THEN IT'S TWENTY SIX DOLLARS TO GO IN THERE FOR THE DAY AND THAT GOT ME IN THERE WHEN WE WERE COMING BACK THE OTHER DAY WE STOPPED AT UH CASTLE CRAG STATE PARK AND EVEN THE VISITOR'S CENTER WAS FULL SO WE COULDN'T GET IN BUT,0,when I was at uh when I was in Port Angeles we went up to hurricane ridge and and then it's twenty six dollars to go in there for the day and that got me in there when we were coming back the other day we stopped at uh Castle Crag State Park and even the visitor's center was full so we couldn't get in but,20.279
/juice/scr/cpajot/data_processed_voc/wav/voc_33_part_90.wav,/juice/scr/cpajot/data_processed_voc/txt/voc_33_part_90.txt,IT'S JUST STARTING I'VE JUST NOTICED IT A FEW TIMES ON THE NEWS OR A FEW PEOPLE WILL SAY IT AND IT USED TO BE STRICTLY A SOUTHERN CALIFORNIA THING BUT I THINK IT I'VE HEARD IT A FEW TIMES HERE,0,It's just starting I've just noticed it a few times on the news or a few people will say it and it used to be strictly a southern California thing but I think it I've heard it a few times here.,13.505
/juice/scr/cpajot/data_processed_voc/wav/voc_34_part_351.wav,/juice/scr/cpajot/data_processed_voc/txt/voc_34_part_351.txt,YEAH S INTERESTING ABOUT SALINAS HOW HOW YOU I THIS U UPSIDE DOWN RIVER IS SALINAS UPSIDE DOWN RIVER IS REALLY REALLY I BUT THE THING YOU YOU KNOW MY FRIEND WHO I'M STILL FRIENDS WITH FROM SACRED HEART SCHOOL CECILIA ELKINGTON LIVES IN,0,"Yeah, s- Interesting about Salinas how -- how you {BR} i- -- this u- -- upside down river is {LS} {BR} Salinas Upside Down River is really really {BR} i- {BR} But the thing you you know, my friend who I'm still *friends with from Sacred Heart School {LS} {BR} Cecilia Elkington {BR} lives in",20.18
/juice/scr/cpajot/data_processed_voc/wav/voc_28_part_266.wav,/juice/scr/cpajot/data_processed_voc/txt/voc_28_part_266.txt,THINGS WERE A LOT DIFFERENT THEY WERE A LOT SIMPLER WHEN WE WERE KIDS YOU KNOW IT I'D I'D HATE TO BE I'D HATE TO BE A YOUNG PERSON NOW REALLY CAUSE I YOU KNOW TO US YOU KNOW THEY YOU KNOW THAT WAS THE THE THAT W THOSE THOSE WERE REALLY THE GOOD TIMES YOU KNOW THEY'D,0,things were a lot different they were a lot simpler when we were kids you know it I'd I'd hate to be I'd hate to be a young person now really cuz I [inaudible] you know to us you know they you know that was the the- that w- those those were really the good times you know they'd,21.448
/juice/scr/cpajot/data_processed_voc/wav/voc_1_part_187.wav,/juice/scr/cpajot/data_processed_voc/txt/voc_1_part_187.txt,DESERT I REALLY HAVE NO IDEA AM I ANSWERING YOUR QUESTIONS,0,desert I really have no idea am I answering your questions,5.047
/juice/scr/cpajot/data_processed_voc/wav/voc_4_part_127.wav,/juice/scr/cpajot/data_processed_voc/txt/voc_4_part_127.txt,I DO I DO I MEAN AND I DON'T KNOW WHETHER OUR BEING THE STATE CAPITAL TOO HOW MUCH THAT AFFECTS IT AND ALL THE POLITICIANS WE HAVE HERE AND ALL THE PEOPLE WHO WORK FOR THE GOVERNMENT IN SACRAMENTO AND,0,I do I do. I mean and I don't know whether our being the state capital too how much that affects it and all the politicians we have here and all the people who work for the government in Sacramento and -- ,15.272
/juice/scr/cpajot/data_processed_voc/wav/voc_0_part_117.wav,/juice/scr/cpajot/data_processed_voc/txt/voc_0_part_117.txt,ALL OF THE TREES AND THE GRASS AND THE FIRES AND EVERYTHING I'D HAVE TO GO OUT AND TAKE THE TRACTOR AND MOW ALL THAT DOWN WELL IT GOT TO THE POINT WHERE IT WAS JUST TOO MUCH FOR ME AND THAT'S WHY WE SOLD IT UH IT'S BECAUSE I WAS GETTING UP IN AGE AND AND UH,0,All of the trees and the grass and the fires and everything I'd have to go out and take the tractor and mow all that down. Well it got to the point where it was just too much for me and that's why we sold it. Uh it's because I was getting up in age and and uh,20.28
/juice/scr/cpajot/data_processed_voc/wav/voc_24_part_149.wav,/juice/scr/cpajot/data_processed_voc/txt/voc_24_part_149.txt,BOTH YOU KNOW IN FRONT OF YOU AND BEHIND YOU GET INTO TRAFFIC WHEN YOU CAN SO BUT SO YEAH I HAVEN'T GONE ACTUALLY TOO MANY PLACE EVEN THOUGH I'VE LIVED HERE MY WHOLE LIFE I HAVEN'T REALLY GONE TOO MANY PLACES UM THIS YEAR,0,both you know in front of you and behind you. Get into traffic when you can so but so yeah I haven't gone actually too many place even though I've lived here my whole life I haven't really gone too many places um this year,20.016
/juice/scr/cpajot/data_processed_voc/wav/voc_32_part_89.wav,/juice/scr/cpajot/data_processed_voc/txt/voc_32_part_89.txt,SHE JUST TOOK IT SHE WAN WANTED SHE KNEW SHE WANTED TO TAKE IT FOR HER LANGUAGE IN COLLEGE UM SHE JUST DIDN'T REALIZE HOW MUCH SHE WOULD LIKE IT,0,She Just took it. She wan- +wanted she knew she wanted to take it for her language in college Um. She just didn't realize how much she would like it.,7.96
/juice/scr/cpajot/data_processed_voc/wav/voc_33_part_52.wav,/juice/scr/cpajot/data_processed_voc/txt/voc_33_part_52.txt,IN HIGH SCHOOL SHEESH GOSH I DON'T REMEMBER,0,In high school?  Sheesh  Gosh I don't remember. {LG},14.562000000000001
/juice/scr/cpajot/data_processed_voc/wav/voc_28_part_400.wav,/juice/scr/cpajot/data_processed_voc/txt/voc_28_part_400.txt,BUT IT'S UH IT IT IT'S CHANGED THINGS AROUND AND S IN SO SOME OF THE AREAS COURSE PEOPLE THERE'S A LOT OF PEOPLE RIGHT HERE IN TOWN THAT ARE GOT A PATCH IN THEIR YARD BUT THERE'S PEOPLE THAT ARE,0,but it's uh it- it it's changed things around and s- in so- some of the areas course people there's a lot of people right here in town that are got a patch in their yard [inaudible] but there's people that are,20.215999999999998
/juice/scr/cpajot/data_processed_voc/wav/voc_28_part_59.wav,/juice/scr/cpajot/data_processed_voc/txt/voc_28_part_59.txt,AND A RIGGER THAT RAN BE THEY'D USUALLY RIDE UP THE HILL WITH ME ON THE CAT AND AND UH UH THE THE RIGGER WOULD FIGURE OUT WHICH LOGS HE WANTED TO GET AND WHERE HE WANTED TO TO YOU KNOW I HAD TO BACK THE THE ARCH UP TO GET IT UP THERE WHERE THEY COULD HOOK HOOK THEM UP AND UH THEY DIDN'T LIKE TO PULL,0,and a rigger that ran be- they'd usually ride up the hill with me on the CAT and and uh uh the- the rigger would figure out which logs he wanted to get and where he wanted to to you know I had to back the the arch up to get it up there where they could hook hook them up and uh they didn't like to pull,21.537
/juice/scr/cpajot/data_processed_voc/wav/voc_34_part_186.wav,/juice/scr/cpajot/data_processed_voc/txt/voc_34_part_186.txt,PUT HER UH WENT AND AND GOT HER IN THIS PL PLACE SPECIAL PLACE BEAUTIFUL PL PLACE PLACE AND UH,0,"put her, uh, went (( )) and -- and (( )) got her in this pl- +place -- special place, beautiful pl- +place -- place {BR} And, uh {BR}",8.047
/juice/scr/cpajot/data_processed_voc/wav/voc_10_part_435.wav,/juice/scr/cpajot/data_processed_voc/txt/voc_10_part_435.txt,UH ABOUT SPEECH IN KERN COUNTY AND I WONDERED SHE'S DOING SHE'S FROM STANFORD UNIVERSITY AND SHE'S DOING UH RESEARCH ON UH CENTRAL VALLEY S UH PEOPLE IN SPEECH AND AND WHAT YOU THINK OF THE COMMUNITY,0,uh about speech in Kern county ... and I wondered she's doing she's from Stanford University and she's doing uh research on uh Central Valley s- uh ... people in speech and and what you think of the community,20.08
/juice/scr/cpajot/data_processed_voc/wav/voc_0_part_282.wav,/juice/scr/cpajot/data_processed_voc/txt/voc_0_part_282.txt,THAT THIS HAPPENED NOW IF SOMEBODY DOWN IN LOS ANGELES UH WOULD COME UP HERE AND BUY THE PROPERTY AND SAY THAT THAT THEY OWN IT AND THEY GOT CUAGHT YEAH I'D BELIEVE THAT,0,that this happened. Now if somebody down in Los Angeles uh would come up here and buy the property and say that that they own it and they got cuaght yeah I'd believe that.,11.748
/juice/scr/cpajot/data_processed_voc/wav/voc_28_part_181.wav,/juice/scr/cpajot/data_processed_voc/txt/voc_28_part_181.txt,I DID A LOT OF HUNTING A LOT OF FISHING AND ON THE W WEEKENDS THERE WAS A BUT UH,0,I did a lot of hunting a lot of fishing and on the w- weekends there was a- but uh,8.068999999999999
/juice/scr/cpajot/data_processed_voc/wav/voc_10_part_129.wav,/juice/scr/cpajot/data_processed_voc/txt/voc_10_part_129.txt,UH THEY'VE GROWN UP IN THE FAMILY BUSINESS THAT TYPE THING UHUH BUT UM WE STILL A LOT OF PEOPLE WHO HAVE COME IN FROM OUT OF TOWN THAT THAT UH I DON'T KNOW WHEN YOU CALL THEM WEALTHY IT DEPENDS ON WHAT YOU THINK OF AS WEALTHY,0,uh they've grown up in the family business that type thing uhuh [yes] ... but um we still a lot of people who have come in from out of town that that uh ... I don't know when you call them wealthy ... it depends on what you think of as wealthy,19.117
/juice/scr/cpajot/data_processed_voc/wav/voc_4_part_6.wav,/juice/scr/cpajot/data_processed_voc/txt/voc_4_part_6.txt,OH GOD NO YEAH IT'S JUST TOO MANY PEOPLE I MEAN AND THERE'S YOU KNOW SACRAMENTO HAS JUST GROWN OUT BECOME YOU KNOW ALL THE SUB COMMUNITIES THAT IT'S JUST IT'S ONE BIG CITY NOW AND SO NO I DON'T KNOW AND I'M SURE I DIDN'T KNOW EVERYBODY THEN IT JUST YOU KNOW I JUST DON'T SEE PEOPLE LIKE I USED TO,0,Oh God no yeah it's just too many people. I mean and there's you know Sacramento has just grown out become you know all the sub communities that it's just -- it's one big city now and so no I don't know {LG} and I'm sure I didn't know everybody then. It just you know I just don't see people like I used to.,21.459
/juice/scr/cpajot/data_processed_voc/wav/voc_10_part_344.wav,/juice/scr/cpajot/data_processed_voc/txt/voc_10_part_344.txt,UM AND UH JOEY PORTER AND HIS WIFE BOUGHT IT AND TURNED IT INTO A UH DAY CARE CENTER I THINK FOR HANDICAPPED CHILDREN AND I THINK THEY OUTGREW IT BECAUSE NOW THEY HAVE A BIGGER PLACE,0,um ... and uh Joey Porter ... and his wife bought it ... and turned it into a ... uh day care center I think for handicapped children ... and I think they outgrew it because now they have a bigger place,21.261999999999997
/juice/scr/cpajot/data_processed_voc/wav/voc_18_part_140.wav,/juice/scr/cpajot/data_processed_voc/txt/voc_18_part_140.txt,HE WAS LOOKING HE WAS F F POINTING THIS WAY BUT HE T COCKED HIS HEAD ALL THE WAY AROUND AND MY CAMERA I CAN ZOOM ON MY CAMERA SO,0,he was looking he was f- f- pointing this way but he t- cocked his head all the way around and my camera I can zoom on my camera so,8.197000000000001
/juice/scr/cpajot/data_processed_voc/wav/voc_0_part_45.wav,/juice/scr/cpajot/data_processed_voc/txt/voc_0_part_45.txt,WALNUT STREET THE NEXT STREET THAT WOULD BE BUILT WAS ALMOND AND UH THE EUREKA WAY WAS JUST A TWO WAY A TWO WAY STREET THE HIGH SCHOOL STILL LOOKS THE SAME,0,Walnut Street. The next street that would be built was Almond. and uh the Eureka Way was just a two-way a two-way street. The high school still looks the same.,13.597999999999999
/juice/scr/cpajot/data_processed_voc/wav/voc_28_part_349.wav,/juice/scr/cpajot/data_processed_voc/txt/voc_28_part_349.txt,YEAH AND W W WHEN HE WHEN HE HEARD THAT HE SAID THAT'S WHAT I WANTED TO HEAR HE SAID THAT THAT'S THAT'S S,0,"yeah and w- w- when he- when he heard that he said ""that's what I wanted to hear"" he [inaudible] said that- that's that's s-",9.743
/juice/scr/cpajot/data_processed_voc/wav/voc_14_part_55.wav,/juice/scr/cpajot/data_processed_voc/txt/voc_14_part_55.txt,THEY UH THEY BROUGHT ME IN THEIR ROOM AND THEY WERE MY MOM WAS REALLY UPSET AND SHE WAS SAYING YOU KNOW IS THIS A GOOD IDEA YOU KNOW I DON'T WANT KIDS TO HURT YOU SHE WAS REALLY UPSET JUST THE FACT WHAT PEOPLE MIGHT DO TO ME AND MY DAD WAS REALLY SUP I MEAN THEY WERE BOTH SUPPORTIVE OF COURSE BUT MY DAD WAS THE MOST SUPPORTIVE HE WAS LIKE YOU'RE MY SON THAT DOESN'T YOU KNOW THAT DOESN'T MAKE A DIFFERENCE AND IT WAS REALLY EMOTIONAL UM,0,they uh they brought me in their room and they were my mom was really upset and she was saying you know is this a good idea you know I don't want kids to hurt you she was really upset just the fact what people might do to me and my dad was really sup- I mean they were both supportive of course but my dad was the most supportive he was like you're my son that doesn't you know that doesn't make a difference and it was really emotional um,23.441999999999997
/juice/scr/cpajot/data_processed_voc/wav/voc_28_part_106.wav,/juice/scr/cpajot/data_processed_voc/txt/voc_28_part_106.txt,AND AND WE DID SOME WORK IN S IN OREGON SOUTHER SOUTHERN OREGON TOO AFTER THE AFTER THE COMPANY SOLD OUT ALL TH ALL OF THEIR LANDS DOWN HERE AND THEY AND WE WORKED UP IN UP ALONG THE OH THE RAILROAD FROM THE SISKIYOU SUMMIT TO PORTLAND AND EU,0,and and we did some work in s- in Oregon Souther- Southern Oregon too after the after the company sold out all th- all of their lands down here and they and we worked up in up along the oh the railroad from the Siskiyou Summit to Portland and Eu-,20.354
/juice/scr/cpajot/data_processed_voc/wav/voc_0_part_279.wav,/juice/scr/cpajot/data_processed_voc/txt/voc_0_part_279.txt,NOW THEY'RE GETTING PAID GOOD BUT ALSO THEY'RE PUTTING A LIFE ON THEIR HANDS BUT THEY FEEL LIKE THEY'RE GETTING ENOUGH MONEY THAT IT'S WORTH IT TO TAKE THAT CHANCE BECUASE THEY'RE NOT GOING TO CAUGHT,0,[inaudible] Now they're getting paid good. but also they're putting a life on their hands. But they feel like they're getting enough money That it's worth it to take that chance becuase they're not going to caught.,13.402000000000001
/juice/scr/cpajot/data_processed_voc/wav/voc_12_part_9.wav,/juice/scr/cpajot/data_processed_voc/txt/voc_12_part_9.txt,WE COULD HAVE FIRES AND COOK POTATOES IN THE FIRE AND AND EVEN MY YOUNGER SISTER DID THE SAME THINGS WITH HER FRIENDS WHEN SHE CAME ALONG SO IT WAS A FUN PLACE TO GROW UP AND MY GRANDFATHER OWNED THE SAW MILL THERE AND MY FATHER WORKED FOR HIM NO IT WAS SHUT DOWN IN THE SIXTIES THEY RAN OUT OF TIMBER,0,We could have fires and cook potatoes in the fire and {LS} -- and even my younger sister {BR} did the same things with her friends when she came along. So it was a fun place to grow up. And my grandfather owned the saw mill there and my father worked for him. No it was shut down in the sixties. They ran out of timber.,21.875
/juice/scr/cpajot/data_processed_voc/wav/voc_28_part_403.wav,/juice/scr/cpajot/data_processed_voc/txt/voc_28_part_403.txt,AND I CAN I CAN TELL THAT IT THERE YOU CAN TELL WHICH WAY THE BREEZE IS BLOWING AND YOU SO YOU KNOW WHERE IT IS IT'S AWFUL HARD TO HIDE THEM THINGS FROM EVERYBODY CAUSE,0,and I can I can tell that it there you can tell which way the breeze is blowing and you so you know where it is it's awful hard to hide them things from everybody cuz [breath],12.294
/juice/scr/cpajot/data_processed_voc/wav/voc_25_part_135.wav,/juice/scr/cpajot/data_processed_voc/txt/voc_25_part_135.txt,YEAH YEAH TWENTY YEARS OF W YOU KNOW WE'VE BEEN RETIRED MY WIFE AND I'VE BEEN RETIRED SINCE NINETEEN NINETY SEVEN SO WE'VE HAD A WONDERFUL LUCKY LIFE WE BOTH UH WE BOTH ARE THANKFUL EVERY DAY ABOUT THE LIFE WE LIVE BECAUSE WE REALLY HAVE SOMETHING TO DO EVERY DAY THAT WE LOVE TO DO,0,Yeah yeah twenty years of w- +(()) you know we've been retired -- my wife and I've been retired since nineteen ninety-seven so we've had a wonderful lucky life. We both uh -- we both are thankful every day about the life we live because we really have something to do every day that we love to do.,19.26
/juice/scr/cpajot/data_processed_voc/wav/voc_7_part_251.wav,/juice/scr/cpajot/data_processed_voc/txt/voc_7_part_251.txt,GO OUT SIXTY EIGHT AND THERE'S IT SPLITS INTO RESERVATION ROAD GOES ONE WAY RIVER ROAD GOES THE OTHER WAY,0,Go out sixty-eight and there's -- it splits into Reservation Road goes one way River Road goes the other way.,7.526
